Student_ID,Name,Preferred_Times,Instrument,Skill_Level,Lessons_Per_Week
S001,Elizabeth Perez,"['12:00', '21:30', '12:00', '09:30', '18:00']",Violin,Beginner,1
S002,Scott Smith,"['16:00', '17:00', '06:00', '05:00', '06:00']",Violin,Beginner,3
S003,Jeffrey Villarreal,"['16:00', '02:30', '21:30', '19:00', '17:30']",Drums,Beginner,3
S004,Max Pace,"['08:00', '06:30', '15:30', '02:00', '23:30']",Guitar,Beginner,3
S005,Jon Buchanan,"['16:30', '11:30', '19:30', '02:30', '05:00']",Violin,Beginner,2
S006,Joel Cruz,"['21:00', '22:00', '18:30', '01:00', '09:00']",Piano,Intermediate,3
S007,Michael Wilson,"['13:00', '03:30', '21:00', '10:30', '18:00']",Violin,Intermediate,2
S008,Ryan Mills,"['02:30', '02:00', '10:00', '05:00', '00:00']",Piano,Beginner,2
S009,Richard Bruce,"['20:00', '04:00', '05:30', '08:00', '16:00']",Drums,Intermediate,3
S010,Christopher Wood,"['17:00', '13:30', '04:30', '10:00', '19:30']",Piano,Intermediate,2
S011,Lawrence Cook,"['00:30', '18:00', '12:00', '01:00', '02:00']",Violin,Beginner,3
S012,John Ortiz,"['12:00', '04:00', '21:30', '13:00', '21:00']",Violin,Beginner,3
S013,Ashley Huff,"['16:30', '20:00', '08:00', '23:30', '09:00']",Guitar,Advanced,1
S014,Lisa Elliott,"['00:30', '10:00', '02:00', '02:30', '16:30']",Drums,Advanced,3
S015,Robin Collins,"['17:00', '19:30', '02:00', '03:00', '15:00']",Piano,Intermediate,1
S016,Julie Nguyen,"['12:00', '17:00', '01:00', '08:00', '07:00']",Piano,Beginner,3
S017,Kenneth Jones,"['23:00', '22:30', '07:30', '22:00', '17:30']",Drums,Beginner,3
S018,Shawn Hood,"['10:30', '17:00', '14:00', '01:00', '20:30']",Violin,Intermediate,1
S019,Michael Hatfield,"['17:00', '02:00', '18:30', '01:00', '02:00']",Drums,Intermediate,1
S020,Lori Hicks,"['01:00', '07:30', '09:30', '03:30', '20:00']",Drums,Beginner,3
S021,Preston Hall,"['18:30', '09:00', '23:30', '03:00', '12:30']",Drums,Beginner,2
S022,Courtney Parker,"['22:30', '07:30', '04:30', '10:30', '19:30']",Piano,Beginner,1
S023,Angela Jimenez,"['00:30', '23:00', '06:30', '12:00', '00:00']",Piano,Beginner,2
S024,April Moore,"['13:00', '15:30', '11:30', '11:30', '21:30']",Violin,Beginner,2
S025,Joseph Velez,"['11:00', '23:00', '08:00', '21:30', '13:30']",Piano,Beginner,2
S026,David Smith,"['11:30', '00:30', '22:30', '00:30', '03:00']",Guitar,Advanced,1
S027,Brandon Armstrong,"['22:30', '12:30', '23:30', '19:30', '08:00']",Drums,Beginner,2
S028,Stacey Suarez,"['15:00', '10:30', '20:00', '10:00', '01:30']",Violin,Intermediate,1
S029,Christopher Wells,"['14:30', '07:30', '13:00', '03:30', '11:30']",Violin,Beginner,2
S030,Karen Murphy,"['23:00', '14:30', '02:00', '12:30', '18:00']",Drums,Advanced,3
S031,Gary Hamilton,"['17:30', '23:30', '08:00', '01:30', '07:00']",Guitar,Intermediate,3
S032,Tyler Hogan,"['15:30', '13:30', '12:00', '02:00', '22:00']",Drums,Advanced,1
S033,David Munoz,"['10:30', '22:30', '04:00', '13:30', '17:30']",Drums,Advanced,3
S034,Kevin Palmer,"['08:00', '15:30', '15:00', '08:30', '20:30']",Guitar,Beginner,3
S035,Helen Oconnor,"['13:30', '18:00', '18:00', '12:30', '19:00']",Guitar,Intermediate,2
S036,Stephanie Jones,"['01:30', '15:00', '18:00', '09:30', '13:00']",Guitar,Intermediate,1
S037,Crystal Tran,"['00:00', '02:30', '09:30', '21:00', '02:30']",Piano,Intermediate,2
S038,Zachary Smith,"['03:30', '08:00', '11:30', '18:00', '14:00']",Guitar,Advanced,2
S039,Brianna Mckinney,"['17:30', '19:30', '08:30', '07:30', '02:30']",Piano,Advanced,2
S040,Isaiah Moore,"['10:30', '19:30', '10:00', '11:30', '00:30']",Violin,Advanced,2
S041,Holly Tyler,"['14:00', '07:30', '04:30', '00:30', '04:30']",Violin,Beginner,2
S042,Kimberly Valdez,"['07:30', '21:30', '17:30', '16:00', '05:30']",Piano,Intermediate,2
S043,Zachary Kim,"['10:30', '22:00', '13:30', '14:00', '04:30']",Piano,Intermediate,2
S044,Raymond Lucas,"['07:00', '11:00', '01:00', '05:30', '23:00']",Violin,Advanced,1
S045,Stephen Smith,"['10:00', '01:30', '13:00', '10:30', '16:30']",Drums,Advanced,3
S046,Karen Logan,"['03:30', '06:00', '10:00', '15:30', '09:30']",Piano,Beginner,2
S047,Robin Rice,"['03:30', '23:00', '04:30', '14:30', '03:30']",Drums,Advanced,2
S048,Craig Walsh,"['00:00', '04:30', '19:00', '19:30', '05:00']",Guitar,Advanced,2
S049,Kathryn Brown,"['04:00', '07:00', '09:00', '03:00', '09:30']",Violin,Intermediate,2
S050,Joshua Douglas,"['17:30', '21:00', '14:00', '20:30', '23:00']",Guitar,Beginner,2
S051,Dennis Marks,"['11:30', '17:30', '13:30', '08:30', '00:00']",Guitar,Intermediate,2
S052,Sean Murphy,"['13:00', '06:00', '22:30', '05:30', '04:00']",Guitar,Intermediate,3
S053,Natasha Wong,"['09:00', '20:30', '07:30', '17:00', '03:30']",Drums,Beginner,3
S054,Melissa Williams,"['01:30', '01:30', '20:30', '04:00', '15:30']",Violin,Intermediate,2
S055,Robert Price,"['14:00', '00:30', '15:30', '18:30', '13:00']",Guitar,Advanced,3
S056,Joshua Harris,"['19:30', '05:00', '08:30', '04:00', '13:30']",Guitar,Advanced,1
S057,Jenny Hardy,"['16:30', '10:30', '20:30', '00:00', '02:00']",Piano,Intermediate,2
S058,Carmen Wyatt,"['00:00', '14:30', '17:00', '17:00', '17:30']",Violin,Beginner,1
S059,Dr. Michael Flores,"['02:30', '14:00', '18:00', '23:30', '12:30']",Piano,Advanced,1
S060,Gregory Gardner,"['05:00', '22:00', '07:30', '19:00', '04:30']",Violin,Beginner,2
S061,Jacqueline Lewis,"['13:00', '13:00', '04:30', '02:00', '14:30']",Violin,Intermediate,3
S062,Robert Hill,"['23:30', '00:00', '01:00', '07:30', '15:00']",Drums,Advanced,1
S063,Anthony Moore,"['23:30', '05:30', '14:00', '09:00', '04:30']",Guitar,Beginner,2
S064,Kelly Campbell,"['21:30', '23:00', '17:30', '22:00', '11:30']",Guitar,Intermediate,1
S065,Cory Powers,"['04:00', '20:00', '16:30', '05:00', '11:30']",Piano,Advanced,1
S066,Brian Bradshaw,"['09:00', '02:00', '04:30', '16:30', '04:30']",Violin,Advanced,1
S067,Kimberly Tucker,"['13:00', '02:30', '10:30', '21:00', '04:30']",Violin,Beginner,1
S068,Michael Davis,"['06:30', '07:30', '22:30', '22:00', '01:30']",Guitar,Beginner,3
S069,Keith Butler,"['01:00', '13:30', '03:00', '14:30', '08:00']",Drums,Advanced,1
S070,Marc Ortiz,"['16:00', '19:30', '23:00', '09:00', '16:30']",Violin,Beginner,1
S071,Amanda Moore,"['10:30', '20:30', '23:00', '23:30', '00:00']",Drums,Advanced,1
S072,Angela Osborn DDS,"['08:00', '01:30', '05:00', '20:30', '04:30']",Piano,Advanced,3
S073,Michael Murray,"['08:00', '07:00', '00:00', '04:30', '06:30']",Guitar,Advanced,1
S074,Jessica Collins,"['01:30', '09:00', '23:30', '03:00', '15:00']",Violin,Intermediate,1
S075,Mr. Joseph Davis,"['13:00', '18:30', '11:00', '04:30', '14:00']",Violin,Advanced,3
S076,Paul Carpenter,"['02:30', '16:30', '16:30', '09:00', '17:30']",Guitar,Advanced,3
S077,Jessica Pope,"['06:30', '01:00', '00:30', '23:00', '05:00']",Guitar,Beginner,3
S078,Sandra Bender,"['23:00', '17:00', '13:00', '13:30', '18:30']",Piano,Intermediate,1
S079,Nicole Powell,"['22:30', '08:00', '06:30', '18:00', '02:30']",Violin,Advanced,3
S080,Thomas Cantrell,"['06:30', '23:30', '21:30', '03:00', '21:30']",Guitar,Beginner,3
S081,Jose Castillo,"['18:00', '15:00', '16:00', '20:30', '21:30']",Violin,Intermediate,1
S082,Mrs. Casey Olson,"['09:00', '17:30', '20:30', '19:30', '11:30']",Guitar,Beginner,3
S083,Barbara Williams,"['05:00', '07:00', '11:00', '04:30', '11:30']",Drums,Advanced,1
S084,Tyler Davis,"['08:00', '18:00', '13:00', '00:30', '14:30']",Guitar,Intermediate,2
S085,Barbara Lawrence,"['00:30', '04:00', '09:30', '05:00', '06:30']",Drums,Intermediate,3
S086,Kelli Brown,"['14:30', '20:00', '08:30', '18:30', '20:00']",Violin,Intermediate,2
S087,Jesus Warner,"['00:30', '16:30', '17:30', '06:00', '17:30']",Guitar,Advanced,1
S088,Darlene Ramirez,"['14:30', '17:00', '22:00', '23:00', '23:30']",Violin,Beginner,3
S089,Steve Abbott,"['08:00', '00:30', '10:30', '19:30', '16:30']",Guitar,Intermediate,1
S090,Sarah Thornton,"['05:00', '05:00', '01:00', '02:00', '03:00']",Piano,Intermediate,2
S091,Tiffany Mendez,"['01:00', '02:00', '09:00', '14:00', '15:00']",Piano,Beginner,1
S092,Robert Mcdonald,"['19:00', '23:30', '19:00', '02:00', '23:00']",Guitar,Intermediate,3
S093,Jennifer Peterson,"['00:30', '22:00', '04:30', '10:30', '13:30']",Guitar,Advanced,3
S094,Martin Monroe,"['06:30', '02:00', '13:30', '01:00', '01:00']",Guitar,Beginner,2
S095,Shawn Dunlap,"['19:00', '07:30', '19:00', '03:30', '05:00']",Piano,Advanced,1
S096,Daniel Meyer,"['13:00', '13:00', '15:00', '17:00', '11:00']",Guitar,Beginner,3
S097,Jason Miller,"['11:30', '11:00', '12:30', '10:30', '15:30']",Drums,Intermediate,2
S098,Lori Carson,"['10:30', '03:30', '06:30', '23:00', '01:00']",Guitar,Intermediate,3
S099,James Howard,"['18:00', '16:30', '12:00', '13:30', '13:00']",Drums,Intermediate,3
S100,Joe Howard,"['09:00', '14:30', '14:00', '12:00', '16:30']",Violin,Advanced,1
S101,Jason Adams,"['13:30', '20:00', '02:30', '05:30', '10:30']",Piano,Advanced,3
S102,Jeff Morales,"['04:00', '19:30', '04:30', '12:00', '20:30']",Guitar,Advanced,1
S103,Scott Horn,"['12:00', '05:00', '22:00', '04:30', '10:00']",Guitar,Advanced,3
S104,Shawn Austin,"['23:30', '06:00', '11:30', '05:00', '22:00']",Guitar,Advanced,2
S105,Julie Williams,"['11:30', '14:00', '21:00', '08:00', '21:00']",Piano,Beginner,3
S106,Steven Singleton,"['12:00', '10:30', '14:30', '13:30', '02:30']",Guitar,Intermediate,1
S107,Nicholas Hart,"['21:30', '01:30', '07:30', '09:00', '18:30']",Drums,Beginner,1
S108,Kiara Reid,"['11:30', '20:30', '15:30', '13:30', '02:30']",Piano,Beginner,2
S109,Kevin Johnson,"['21:30', '22:00', '16:00', '07:00', '07:00']",Piano,Beginner,3
S110,Jonathan Mclaughlin,"['16:00', '08:30', '20:30', '21:00', '22:00']",Violin,Beginner,3
S111,Angela Peterson,"['18:30', '06:00', '10:00', '06:00', '11:30']",Violin,Advanced,2
S112,Robert Johnson,"['13:00', '12:30', '13:30', '01:00', '06:00']",Drums,Advanced,3
S113,Jessica Gross,"['18:00', '16:30', '22:00', '20:00', '19:30']",Guitar,Beginner,3
S114,Ashley Duran,"['14:30', '03:30', '23:30', '08:00', '09:00']",Guitar,Intermediate,1
S115,Elizabeth Hopkins,"['10:00', '20:30', '05:30', '06:00', '01:30']",Piano,Advanced,3
S116,Darren Rivera,"['21:30', '19:30', '11:00', '18:00', '09:00']",Piano,Advanced,3
S117,Natasha Brown,"['11:00', '04:30', '18:00', '22:30', '15:30']",Violin,Beginner,2
S118,Lori Dixon,"['03:30', '10:00', '09:00', '03:00', '17:30']",Violin,Advanced,2
S119,Ann Austin,"['09:30', '01:00', '12:00', '08:30', '17:00']",Guitar,Beginner,1
S120,Mark Trujillo,"['06:30', '04:30', '13:00', '16:30', '22:00']",Violin,Intermediate,3
S121,Jamie Francis,"['04:00', '19:30', '14:30', '00:00', '17:30']",Drums,Advanced,3
S122,Ryan Escobar,"['03:30', '17:00', '16:30', '12:30', '06:30']",Violin,Beginner,3
S123,Beth Sawyer,"['03:30', '22:00', '21:30', '21:00', '19:00']",Drums,Advanced,1
S124,Christina Smith,"['15:30', '20:30', '01:00', '07:00', '13:30']",Piano,Beginner,1
S125,Christine Macdonald,"['10:30', '10:00', '01:00', '01:00', '14:00']",Violin,Intermediate,2
S126,Alan Dudley,"['21:00', '13:00', '03:00', '17:00', '14:30']",Guitar,Intermediate,1
S127,Adrian Williams,"['10:00', '02:30', '10:00', '18:00', '15:00']",Guitar,Beginner,3
S128,Kendra Mcpherson,"['06:00', '09:30', '10:30', '10:30', '15:00']",Guitar,Beginner,3
S129,Crystal Brown,"['14:30', '22:00', '19:30', '04:00', '17:00']",Guitar,Advanced,1
S130,Maria Campbell,"['11:30', '03:30', '13:30', '12:30', '07:30']",Piano,Intermediate,3
S131,Mr. Gregory Zamora,"['00:30', '14:30', '13:30', '23:30', '16:00']",Drums,Advanced,3
S132,Jeanne Carey,"['11:30', '10:30', '08:00', '01:00', '06:30']",Drums,Intermediate,1
S133,Melinda Luna,"['21:00', '02:00', '19:30', '15:30', '19:00']",Piano,Beginner,1
S134,Kayla Wright,"['05:30', '10:30', '12:30', '16:00', '08:00']",Violin,Advanced,3
S135,Michael Wright,"['03:00', '21:00', '06:30', '05:00', '00:30']",Violin,Intermediate,3
S136,Matthew Smith,"['03:30', '06:00', '20:00', '16:00', '14:00']",Violin,Advanced,3
S137,Walter Watson,"['07:30', '22:30', '04:00', '23:30', '00:00']",Drums,Beginner,2
S138,Bradley Gibson,"['08:30', '05:00', '13:30', '08:00', '23:30']",Guitar,Beginner,2
S139,Brandon Nicholson,"['08:30', '17:30', '08:30', '19:00', '02:30']",Piano,Beginner,2
S140,Mark Moore,"['17:00', '20:30', '02:30', '18:30', '21:30']",Drums,Beginner,1
S141,Roy Wilcox,"['20:00', '18:00', '06:00', '23:30', '23:00']",Violin,Beginner,2
S142,Henry Decker,"['18:00', '14:30', '23:30', '21:00', '20:30']",Violin,Advanced,1
S143,Lauren Avila,"['09:30', '12:30', '01:00', '17:00', '18:00']",Violin,Advanced,1
S144,Timothy Johnson,"['10:00', '01:00', '04:00', '11:30', '14:30']",Piano,Beginner,2
S145,Steven Heath,"['10:30', '18:00', '21:30', '23:30', '00:00']",Drums,Beginner,2
S146,Taylor Case,"['15:00', '11:00', '03:30', '20:30', '04:30']",Guitar,Intermediate,2
S147,Jared Hill,"['04:30', '18:00', '17:00', '07:00', '08:00']",Violin,Beginner,3
S148,Stacy Salas,"['09:30', '21:00', '07:30', '02:00', '11:00']",Violin,Intermediate,2
S149,Kelly Brown,"['03:00', '03:00', '14:00', '23:30', '13:30']",Piano,Beginner,3
S150,Megan Ritter,"['00:30', '20:00', '14:30', '00:00', '05:30']",Violin,Beginner,1
S151,Alexandra Bruce,"['18:30', '18:00', '03:30', '10:30', '20:00']",Piano,Intermediate,3
S152,Erik Evans,"['05:00', '09:00', '22:30', '22:00', '18:00']",Drums,Advanced,2
S153,Megan Wells,"['15:30', '20:00', '22:00', '14:00', '13:00']",Piano,Beginner,1
S154,Kenneth Murphy,"['20:30', '01:00', '05:00', '17:00', '04:00']",Piano,Advanced,1
S155,Jay Ramos,"['04:30', '20:00', '21:30', '14:30', '03:30']",Drums,Advanced,1
S156,Paige Moon,"['17:30', '09:30', '20:00', '22:00', '15:00']",Violin,Beginner,3
S157,Kara Thomas,"['23:00', '08:00', '06:00', '09:30', '22:00']",Guitar,Beginner,2
S158,Dennis Roberson,"['03:00', '14:00', '16:30', '09:30', '12:30']",Piano,Intermediate,1
S159,Richard Allen,"['08:00', '15:30', '06:30', '14:30', '02:00']",Drums,Beginner,1
S160,Brandon Fisher,"['23:30', '12:30', '11:00', '12:00', '21:30']",Drums,Beginner,1
S161,Donald Powell,"['04:00', '17:00', '00:30', '02:30', '04:30']",Violin,Beginner,3
S162,Randy Johnson,"['04:00', '20:30', '02:00', '22:00', '00:00']",Piano,Beginner,3
S163,Katie Mcfarland,"['15:00', '01:00', '02:30', '03:00', '22:30']",Guitar,Advanced,2
S164,David Orr,"['19:00', '09:00', '11:30', '07:30', '22:00']",Drums,Intermediate,3
S165,Martin Scott,"['23:30', '03:30', '15:30', '15:30', '03:30']",Drums,Beginner,1
S166,Jennifer Campbell,"['12:30', '18:30', '11:00', '07:30', '00:00']",Drums,Intermediate,2
S167,Jennifer Johnson,"['06:00', '04:30', '18:00', '10:00', '22:30']",Piano,Beginner,1
S168,Victoria Soto,"['14:00', '01:00', '09:30', '13:30', '07:30']",Piano,Intermediate,1
S169,Richard Yates,"['04:30', '21:00', '03:30', '12:30', '09:30']",Drums,Beginner,3
S170,John Ramirez,"['09:30', '18:30', '18:00', '11:30', '08:30']",Piano,Beginner,2
S171,Mr. Brian Middleton,"['07:00', '07:30', '09:30', '15:00', '13:30']",Violin,Advanced,3
S172,Eric Kane,"['16:00', '14:00', '21:30', '10:00', '07:30']",Guitar,Beginner,3
S173,Jeremy Wilson,"['15:00', '23:30', '14:00', '10:00', '15:30']",Guitar,Beginner,2
S174,Katherine Carter,"['23:00', '17:00', '22:00', '18:00', '00:30']",Drums,Intermediate,1
S175,Maria Santos,"['00:00', '11:00', '09:00', '10:00', '19:30']",Drums,Advanced,1
S176,Terri Gardner,"['18:30', '08:00', '17:00', '09:30', '07:00']",Violin,Intermediate,2
S177,Melissa Livingston,"['17:00', '04:00', '12:30', '03:00', '19:30']",Piano,Beginner,1
S178,Haley Wiggins,"['07:00', '22:00', '13:30', '01:30', '00:00']",Drums,Beginner,2
S179,Lauren Houston,"['01:30', '01:00', '17:00', '04:30', '00:00']",Violin,Intermediate,2
S180,Dennis Vincent,"['22:00', '06:00', '13:00', '19:30', '13:00']",Violin,Intermediate,3
S181,Brenda Strickland,"['05:00', '13:30', '09:00', '01:00', '01:00']",Guitar,Intermediate,2
S182,Marissa Benson,"['06:00', '07:30', '23:00', '16:30', '10:30']",Violin,Beginner,3
S183,Michael Nguyen,"['05:00', '02:00', '16:30', '14:00', '06:30']",Piano,Intermediate,1
S184,William Sanchez,"['07:00', '11:00', '08:00', '09:30', '07:30']",Drums,Beginner,1
S185,Joshua Robertson,"['20:00', '00:30', '14:30', '07:00', '21:00']",Violin,Intermediate,1
S186,Amanda Vasquez,"['03:30', '12:00', '17:30', '23:00', '14:30']",Piano,Beginner,1
S187,Cheryl Burns,"['13:00', '06:30', '06:30', '11:30', '16:00']",Drums,Advanced,3
S188,Sarah Norris,"['08:00', '23:00', '18:30', '13:00', '16:30']",Violin,Advanced,1
S189,David Johnson,"['02:30', '20:30', '05:00', '04:00', '01:00']",Piano,Beginner,2
S190,Ashley Brown,"['02:30', '13:00', '10:00', '14:00', '17:00']",Guitar,Beginner,2
S191,Gerald Ibarra,"['02:30', '08:00', '21:00', '17:00', '19:30']",Guitar,Beginner,2
S192,Jessica Hardy,"['08:30', '04:30', '13:30', '07:30', '21:30']",Violin,Intermediate,3
S193,Shannon Green,"['07:30', '23:30', '02:00', '15:00', '23:00']",Violin,Beginner,1
S194,James Knight,"['04:00', '16:30', '07:00', '19:30', '01:30']",Violin,Advanced,1
S195,Timothy Hernandez,"['10:00', '06:00', '04:30', '10:00', '21:30']",Drums,Intermediate,1
S196,Sara Morgan,"['18:30', '08:30', '02:30', '11:30', '04:30']",Guitar,Beginner,3
S197,Robert Mejia,"['04:30', '17:00', '14:00', '07:30', '21:30']",Violin,Intermediate,2
S198,Dominique Obrien,"['05:30', '20:00', '03:00', '14:30', '15:00']",Guitar,Intermediate,2
S199,Anne Mcpherson,"['19:00', '14:30', '08:30', '08:00', '09:00']",Drums,Intermediate,1
S200,Kelly White,"['05:00', '04:00', '03:30', '02:00', '19:30']",Violin,Beginner,2
S201,Amy Robinson,"['22:00', '15:30', '09:30', '06:00', '12:30']",Drums,Intermediate,2
S202,Veronica Cohen,"['06:00', '03:00', '04:00', '08:00', '18:00']",Guitar,Advanced,3
S203,Curtis Charles,"['11:00', '11:00', '21:00', '09:00', '19:30']",Piano,Intermediate,3
S204,Jacqueline Butler,"['14:00', '15:30', '20:30', '22:00', '11:30']",Drums,Advanced,3
S205,Sara Lopez,"['13:30', '17:30', '12:30', '09:30', '16:30']",Violin,Advanced,3
S206,Christina Wolf,"['04:00', '19:00', '06:30', '18:00', '09:00']",Guitar,Beginner,1
S207,Thomas Shaw,"['11:30', '15:00', '12:30', '18:00', '17:00']",Violin,Intermediate,3
S208,Tonya Hardy,"['01:30', '20:30', '10:00', '13:30', '06:00']",Piano,Advanced,2
S209,Christopher Berry,"['17:00', '16:00', '22:30', '13:00', '02:00']",Piano,Intermediate,1
S210,Tammy Keller,"['22:00', '01:30', '03:30', '08:30', '22:00']",Violin,Advanced,2
S211,Scott Jones,"['10:30', '00:00', '19:00', '22:00', '20:30']",Violin,Beginner,2
S212,Michael Fields,"['02:30', '14:30', '05:30', '19:30', '00:30']",Drums,Beginner,2
S213,Jenna Frost,"['03:00', '07:00', '17:30', '12:30', '18:30']",Drums,Advanced,3
S214,Denise Booth,"['15:00', '23:30', '03:30', '04:00', '04:00']",Drums,Intermediate,3
S215,Stephanie Olson,"['17:30', '18:30', '19:00', '17:30', '16:00']",Drums,Intermediate,1
S216,Jennifer Davis,"['18:00', '21:30', '16:00', '11:00', '18:30']",Guitar,Beginner,1
S217,Sonia Harper,"['22:30', '12:30', '17:30', '20:00', '01:30']",Violin,Beginner,3
S218,Samantha Sanchez,"['13:00', '20:00', '15:00', '13:30', '20:30']",Guitar,Intermediate,2
S219,Patrick Shepard,"['01:00', '09:30', '12:30', '22:30', '13:30']",Violin,Advanced,1
S220,Wendy Wright,"['07:00', '06:30', '11:00', '17:30', '07:30']",Drums,Intermediate,3
S221,Kayla Williams,"['20:30', '04:00', '16:00', '05:00', '18:30']",Guitar,Advanced,3
S222,Jeremiah Lee,"['02:00', '02:00', '20:30', '21:30', '18:00']",Piano,Beginner,3
S223,Dr. Erika Huffman,"['19:00', '00:30', '16:00', '15:00', '11:30']",Violin,Beginner,2
S224,Angela Parker,"['07:00', '23:00', '12:00', '14:30', '15:00']",Violin,Advanced,3
S225,Micheal Vasquez,"['08:00', '09:30', '07:00', '21:30', '02:30']",Guitar,Advanced,3
S226,Kellie Murillo,"['07:30', '10:30', '10:00', '03:30', '09:30']",Violin,Beginner,3
S227,Michael Calhoun PhD,"['09:00', '23:30', '20:00', '15:00', '08:00']",Guitar,Intermediate,3
S228,Jeremy Gill,"['02:30', '19:30', '12:30', '02:30', '13:00']",Guitar,Intermediate,1
S229,Amanda Jackson,"['01:30', '19:00', '15:30', '21:30', '21:00']",Violin,Intermediate,1
S230,Micheal Cameron,"['17:30', '00:00', '06:00', '09:00', '23:30']",Guitar,Intermediate,3
S231,Scott Thomas,"['23:00', '15:30', '04:00', '17:00', '16:00']",Violin,Advanced,2
S232,Lawrence Sanchez,"['09:30', '15:30', '10:00', '00:30', '10:30']",Piano,Intermediate,1
S233,Kimberly Williams,"['00:00', '07:30', '06:00', '05:30', '01:30']",Violin,Beginner,3
S234,Harold Pena,"['04:00', '08:30', '08:30', '23:00', '15:00']",Violin,Advanced,1
S235,Albert James,"['11:30', '23:30', '14:30', '13:30', '17:30']",Guitar,Beginner,1
S236,Jason Rhodes,"['04:00', '06:30', '00:30', '08:00', '17:30']",Violin,Intermediate,2
S237,Julie Watts,"['06:00', '16:30', '07:00', '20:00', '12:00']",Guitar,Beginner,3
S238,Rose Davis,"['18:30', '11:30', '17:00', '13:00', '00:30']",Drums,Advanced,3
S239,Jeffery Williamson,"['13:30', '01:00', '03:30', '07:00', '11:00']",Guitar,Advanced,2
S240,Jason Richards,"['03:30', '06:30', '00:00', '07:30', '20:30']",Guitar,Beginner,2
S241,Ryan Hill,"['21:30', '18:00', '12:00', '01:00', '06:30']",Drums,Advanced,3
S242,John Clark,"['21:30', '16:30', '06:30', '05:00', '12:00']",Violin,Intermediate,3
S243,James Garcia,"['23:00', '01:30', '05:30', '10:00', '15:30']",Piano,Beginner,2
S244,Brandi Meza,"['23:30', '22:30', '21:00', '01:30', '08:00']",Violin,Advanced,1
S245,Erin Collins MD,"['22:00', '10:00', '06:30', '18:00', '11:00']",Drums,Beginner,1
S246,Robert Torres,"['09:00', '16:30', '02:00', '01:00', '10:00']",Violin,Advanced,2
S247,Matthew Harvey,"['13:30', '14:30', '02:30', '08:00', '19:30']",Violin,Beginner,1
S248,Erin Lester PhD,"['01:00', '13:00', '02:00', '09:30', '12:00']",Piano,Intermediate,2
S249,Matthew Davidson,"['14:00', '21:00', '17:30', '12:30', '23:30']",Piano,Intermediate,1
S250,Sean Mathis,"['05:00', '20:00', '21:30', '14:00', '18:30']",Piano,Beginner,1
S251,Jessica Cole,"['02:30', '18:30', '15:30', '21:00', '13:30']",Guitar,Beginner,3
S252,Holly Wright,"['14:00', '18:00', '10:30', '06:00', '18:00']",Violin,Advanced,3
S253,Charles Johnson,"['01:00', '13:00', '11:30', '00:00', '00:30']",Drums,Advanced,1
S254,Matthew Taylor,"['12:30', '07:00', '04:30', '20:30', '21:30']",Guitar,Beginner,1
S255,Angela Cline,"['15:00', '04:30', '14:30', '22:30', '17:00']",Piano,Advanced,3
S256,Amanda Garcia,"['04:30', '19:30', '09:00', '15:00', '14:00']",Drums,Intermediate,3
S257,Hailey James,"['03:30', '17:00', '11:30', '13:30', '20:30']",Piano,Advanced,3
S258,Nathan Johnson,"['01:00', '06:00', '14:00', '16:00', '20:30']",Guitar,Advanced,2
S259,Claudia Hanson,"['19:00', '00:30', '19:30', '13:30', '16:00']",Guitar,Intermediate,1
S260,Andrea Butler,"['20:30', '19:00', '22:30', '05:30', '19:30']",Piano,Advanced,3
S261,Victoria Adams,"['03:00', '20:30', '00:00', '15:00', '04:30']",Drums,Beginner,1
S262,Misty Lara,"['08:30', '07:30', '20:30', '05:00', '04:30']",Piano,Advanced,2
S263,Anthony Mcintosh,"['03:30', '03:30', '02:30', '01:30', '23:00']",Piano,Advanced,2
S264,Scott Murray,"['20:30', '09:30', '09:00', '21:00', '14:00']",Guitar,Beginner,3
S265,Mary Andrews,"['12:00', '15:30', '00:30', '03:00', '20:00']",Guitar,Advanced,2
S266,Melanie Peterson,"['21:30', '13:00', '05:30', '13:30', '06:30']",Drums,Advanced,1
S267,Maria Lang,"['19:00', '03:00', '09:00', '09:30', '10:00']",Piano,Advanced,3
S268,Lee Wallace,"['22:30', '00:30', '08:30', '17:00', '17:30']",Guitar,Beginner,1
S269,Robin Hall,"['06:30', '06:30', '02:30', '06:00', '02:00']",Guitar,Beginner,1
S270,Michael Escobar,"['11:30', '22:00', '13:30', '13:00', '00:00']",Guitar,Beginner,2
S271,Kristin Smith,"['08:30', '01:30', '10:00', '15:00', '13:00']",Drums,Beginner,2
S272,Joseph Blanchard,"['23:30', '07:00', '03:30', '02:30', '16:30']",Violin,Advanced,2
S273,Richard Lowery,"['17:00', '12:00', '22:00', '14:30', '18:00']",Drums,Beginner,2
S274,Phillip Martinez,"['13:00', '02:00', '17:00', '08:30', '01:30']",Violin,Advanced,2
S275,Brittany Campbell,"['02:30', '14:30', '18:30', '13:00', '00:00']",Drums,Beginner,3
S276,Juan Adams,"['15:30', '20:00', '12:00', '12:30', '18:00']",Drums,Intermediate,1
S277,Ashley Nelson,"['16:00', '01:00', '23:30', '11:30', '22:30']",Piano,Advanced,1
S278,Pamela Sharp,"['00:30', '05:00', '11:00', '22:30', '04:00']",Guitar,Advanced,1
S279,John Byrd,"['07:30', '17:30', '18:30', '03:00', '02:30']",Piano,Beginner,1
S280,Sabrina Hernandez,"['15:00', '22:00', '00:30', '00:30', '23:30']",Piano,Intermediate,2
S281,Kaylee Larsen,"['22:30', '17:30', '01:00', '11:30', '11:30']",Drums,Advanced,1
S282,Sherry Miller,"['03:00', '13:00', '05:00', '12:30', '22:00']",Piano,Advanced,3
S283,Angela Cantrell,"['05:30', '15:00', '19:00', '06:00', '22:00']",Drums,Intermediate,3
S284,Jill Powell,"['11:30', '04:00', '05:00', '11:30', '21:00']",Guitar,Intermediate,1
S285,Robert Cunningham,"['19:30', '12:00', '16:00', '07:00', '00:30']",Violin,Beginner,1
S286,David Mclaughlin,"['01:30', '16:30', '12:00', '18:30', '22:00']",Guitar,Intermediate,3
S287,Hannah Roach,"['19:30', '03:30', '20:00', '23:30', '09:30']",Violin,Advanced,3
S288,Colleen Gomez,"['07:00', '14:00', '16:00', '20:00', '00:30']",Drums,Advanced,2
S289,Paige Ford,"['21:00', '21:00', '13:00', '19:30', '01:00']",Piano,Beginner,3
S290,Pamela Lynch MD,"['18:00', '13:00', '03:00', '04:30', '00:30']",Violin,Beginner,2
S291,Tina Gomez,"['10:30', '06:30', '13:00', '01:30', '17:00']",Guitar,Beginner,2
S292,Chad Orr,"['06:30', '23:00', '13:30', '09:30', '09:00']",Guitar,Advanced,2
S293,Stacey Kirk,"['13:30', '19:30', '21:00', '21:00', '02:00']",Violin,Intermediate,2
S294,Robert Velasquez,"['23:00', '01:00', '01:30', '01:30', '14:00']",Drums,Beginner,2
S295,Stacy Thomas,"['21:30', '14:30', '06:00', '01:00', '12:30']",Piano,Intermediate,1
S296,Mary Barnett,"['08:30', '11:30', '12:30', '04:00', '00:30']",Drums,Beginner,3
S297,Alexandra Herrera,"['14:30', '04:00', '13:30', '07:30', '21:00']",Piano,Beginner,2
S298,Laura Nichols,"['10:30', '08:30', '14:30', '08:30', '13:00']",Piano,Intermediate,3
S299,Shawn Cox,"['04:00', '21:30', '21:30', '07:00', '00:00']",Piano,Intermediate,3
S300,Lisa Monroe,"['18:00', '02:00', '10:30', '17:00', '12:30']",Piano,Advanced,2
S301,Sandra Spencer,"['06:00', '18:30', '02:30', '15:00', '13:30']",Drums,Beginner,1
S302,Sherri Baxter,"['21:00', '15:30', '00:30', '05:30', '11:30']",Violin,Intermediate,2
S303,Jessica Daugherty,"['08:00', '13:00', '15:30', '22:00', '03:00']",Drums,Beginner,1
S304,Aaron Burke,"['22:30', '12:00', '23:00', '00:30', '09:00']",Violin,Beginner,3
S305,Christopher Brown,"['12:30', '03:30', '17:30', '12:00', '14:30']",Guitar,Advanced,1
S306,Randy Ortiz,"['09:30', '05:00', '09:30', '19:00', '09:00']",Drums,Beginner,1
S307,Brian Adams,"['05:00', '17:00', '01:00', '10:30', '20:00']",Piano,Beginner,1
S308,Beth Hunt,"['22:30', '08:30', '02:00', '10:00', '18:00']",Guitar,Intermediate,3
S309,Sara Jensen,"['14:30', '02:00', '14:00', '07:00', '04:30']",Drums,Advanced,3
S310,Zachary Garcia,"['19:00', '01:00', '00:00', '02:30', '22:00']",Piano,Advanced,1
S311,Diana Maldonado,"['03:30', '01:00', '16:00', '10:30', '05:30']",Guitar,Intermediate,1
S312,Jesse Love,"['02:30', '22:30', '04:00', '18:00', '12:00']",Piano,Beginner,2
S313,Charles Summers,"['07:30', '11:00', '04:00', '05:30', '13:00']",Violin,Advanced,1
S314,James Sanders,"['03:00', '21:00', '18:00', '12:00', '00:30']",Piano,Intermediate,2
S315,Laura Fleming,"['18:30', '15:30', '07:00', '22:00', '02:30']",Violin,Beginner,1
S316,Dr. Jennifer Lawson,"['20:00', '21:00', '20:30', '00:00', '03:00']",Piano,Beginner,2
S317,Mark Cruz,"['22:00', '11:00', '23:00', '19:00', '07:30']",Guitar,Advanced,3
S318,Kimberly Walker,"['01:00', '08:30', '11:30', '16:00', '12:30']",Drums,Advanced,1
S319,Brittney Young,"['08:30', '17:00', '03:30', '08:30', '23:30']",Guitar,Advanced,1
S320,Kaylee Johnson,"['09:30', '07:30', '10:30', '20:00', '08:30']",Drums,Intermediate,1
S321,Dr. Anthony Ingram,"['22:30', '20:00', '09:00', '01:30', '10:00']",Guitar,Intermediate,1
S322,Steven Gallegos,"['11:00', '09:30', '14:00', '14:30', '05:00']",Drums,Intermediate,2
S323,Amy Wong,"['08:30', '09:00', '18:00', '09:30', '16:30']",Drums,Advanced,1
S324,Eileen Parker,"['09:00', '21:30', '22:00', '19:00', '05:30']",Guitar,Intermediate,3
S325,Billy Santos,"['07:30', '15:00', '14:00', '18:00', '18:30']",Piano,Intermediate,3
S326,Andrew Morris,"['19:30', '05:00', '16:00', '14:00', '04:00']",Guitar,Advanced,1
S327,Lauren Perez,"['13:00', '23:30', '16:30', '14:30', '09:00']",Violin,Beginner,3
S328,Cristian Owens,"['21:30', '06:00', '20:30', '11:00', '08:00']",Guitar,Intermediate,1
S329,Jimmy Garcia,"['03:30', '12:30', '08:30', '03:00', '13:30']",Guitar,Advanced,1
S330,April Martin,"['18:00', '18:00', '09:00', '00:00', '08:30']",Drums,Advanced,3
S331,Joshua Reese,"['06:30', '16:00', '05:00', '20:30', '00:00']",Drums,Intermediate,1
S332,Nichole Baker,"['19:30', '04:00', '17:00', '05:30', '12:30']",Drums,Advanced,3
S333,Andrea Hale,"['19:30', '17:30', '10:00', '02:30', '06:30']",Violin,Beginner,2
S334,Shelly Miranda,"['03:00', '23:30', '23:30', '21:00', '08:30']",Guitar,Beginner,1
S335,Yvette Owens,"['21:00', '15:30', '21:30', '20:30', '17:30']",Guitar,Beginner,2
S336,Anthony Reynolds,"['11:30', '22:00', '00:30', '09:00', '20:30']",Guitar,Intermediate,3
S337,Tina Gamble,"['22:30', '06:00', '00:00', '04:00', '19:30']",Violin,Intermediate,2
S338,Thomas Chavez,"['16:00', '06:00', '15:30', '20:30', '13:30']",Violin,Advanced,2
S339,Nathan Ramos,"['14:30', '16:30', '03:30', '02:00', '02:00']",Guitar,Beginner,3
S340,Jennifer Vazquez,"['21:30', '19:00', '05:30', '13:30', '01:00']",Guitar,Advanced,2
S341,Thomas Ellis,"['16:30', '21:30', '00:00', '07:00', '04:00']",Violin,Advanced,2
S342,Mrs. Nicole Mccarthy,"['06:30', '08:00', '19:00', '14:30', '11:00']",Guitar,Beginner,3
S343,Mariah Rollins,"['18:30', '08:00', '12:30', '23:00', '20:00']",Guitar,Advanced,2
S344,James Hughes,"['08:30', '02:30', '13:00', '06:00', '10:00']",Piano,Intermediate,3
S345,Robert Poole,"['13:30', '10:00', '20:30', '09:30', '13:00']",Guitar,Advanced,2
S346,Ethan Reyes,"['12:00', '22:00', '10:30', '16:00', '00:30']",Violin,Beginner,3
S347,Michael Todd,"['19:00', '05:00', '12:30', '15:00', '03:00']",Guitar,Advanced,3
S348,John Dorsey,"['15:00', '20:00', '08:00', '03:00', '10:00']",Violin,Beginner,2
S349,Kimberly Moore,"['11:00', '12:00', '02:30', '00:30', '20:00']",Violin,Intermediate,2
S350,Donna Summers,"['23:00', '12:30', '01:30', '06:00', '02:00']",Piano,Intermediate,2
S351,Jonathan Cook,"['22:00', '07:00', '20:00', '03:30', '06:30']",Guitar,Beginner,1
S352,Diana Thomas,"['20:00', '14:00', '06:30', '21:00', '01:00']",Drums,Intermediate,1
S353,Joshua Lucas,"['11:00', '11:00', '00:30', '11:00', '00:30']",Guitar,Advanced,1
S354,James Howard,"['21:00', '05:30', '07:30', '12:30', '00:00']",Violin,Beginner,3
S355,Benjamin Ochoa,"['10:00', '11:00', '11:30', '11:00', '09:00']",Drums,Advanced,2
S356,Scott Jones,"['14:30', '18:30', '12:00', '19:00', '02:00']",Drums,Beginner,3
S357,Cynthia Mullins,"['01:00', '02:00', '02:30', '22:30', '18:00']",Drums,Advanced,1
S358,Dr. Megan Mann,"['11:00', '11:30', '05:30', '14:30', '13:30']",Drums,Advanced,2
S359,Jennifer Smith,"['20:30', '12:30', '16:30', '10:30', '11:00']",Guitar,Advanced,3
S360,Eduardo Acosta,"['04:00', '02:30', '06:30', '04:00', '13:30']",Piano,Intermediate,2
S361,Shelley Fuller,"['04:30', '19:00', '18:30', '06:00', '19:30']",Guitar,Advanced,3
S362,Elizabeth Oliver,"['05:00', '23:30', '14:30', '10:00', '01:00']",Violin,Intermediate,2
S363,John Hester,"['22:00', '15:00', '05:00', '23:00', '07:30']",Drums,Beginner,1
S364,Mark Williams,"['05:30', '04:00', '18:00', '10:30', '16:30']",Drums,Advanced,1
S365,Austin Baker,"['03:00', '03:30', '18:00', '16:00', '08:30']",Drums,Beginner,2
S366,Lisa Browning,"['15:00', '02:00', '15:30', '03:00', '15:00']",Piano,Beginner,3
S367,Cheryl Bender,"['09:00', '02:00', '15:00', '02:00', '00:30']",Guitar,Beginner,1
S368,Kimberly Davis,"['17:30', '01:00', '05:00', '06:30', '17:00']",Violin,Beginner,1
S369,Steven Smith,"['05:30', '14:00', '13:00', '08:30', '21:30']",Guitar,Advanced,1
S370,Tiffany Carr,"['03:30', '22:30', '04:00', '09:30', '14:30']",Drums,Beginner,2
S371,Kathleen Jimenez,"['10:00', '09:00', '22:00', '20:30', '01:30']",Guitar,Beginner,2
S372,Tammy King,"['19:30', '06:30', '20:30', '13:30', '22:30']",Drums,Intermediate,3
S373,Sharon Moon,"['23:30', '02:30', '15:30', '16:30', '21:00']",Piano,Intermediate,3
S374,Tina Prince,"['02:30', '20:00', '02:30', '09:00', '06:30']",Drums,Advanced,3
S375,Michael Patel MD,"['08:30', '13:00', '06:30', '05:30', '05:00']",Violin,Advanced,2
S376,Pamela Hall,"['07:30', '19:00', '21:00', '14:30', '21:00']",Piano,Advanced,2
S377,Pedro Wells,"['20:30', '18:30', '05:30', '18:30', '05:00']",Violin,Intermediate,3
S378,Deanna Rhodes,"['09:00', '13:30', '08:30', '01:00', '05:00']",Piano,Beginner,3
S379,Michele Long,"['06:30', '18:30', '12:30', '00:30', '17:30']",Drums,Intermediate,2
S380,Paula Vazquez,"['15:00', '18:00', '10:30', '02:00', '00:30']",Drums,Advanced,3
S381,Marcus Mitchell,"['14:30', '11:30', '13:30', '06:00', '23:00']",Piano,Advanced,1
S382,Patricia Gibson,"['13:00', '10:00', '11:30', '20:00', '23:00']",Violin,Advanced,2
S383,Anita Johnson,"['20:00', '12:30', '13:00', '13:00', '17:00']",Violin,Advanced,3
S384,Dominique Watson,"['14:30', '00:30', '11:00', '15:00', '00:30']",Piano,Intermediate,2
S385,Michael Quinn,"['13:00', '19:30', '20:00', '03:30', '05:00']",Drums,Advanced,1
S386,Katherine Keith,"['08:00', '20:30', '13:00', '14:30', '15:30']",Violin,Beginner,2
S387,Aaron Harmon,"['14:00', '07:00', '10:00', '07:30', '07:30']",Guitar,Intermediate,2
S388,Evan Robinson,"['09:30', '10:00', '01:30', '08:00', '08:30']",Drums,Beginner,2
S389,Jeffrey Brown,"['07:30', '11:30', '05:00', '03:30', '19:00']",Violin,Beginner,2
S390,Susan Pham,"['14:00', '22:00', '05:00', '03:00', '05:00']",Piano,Advanced,1
S391,Laura Gutierrez,"['16:30', '01:00', '20:30', '17:30', '12:00']",Piano,Advanced,2
S392,Sharon Odonnell,"['23:00', '21:00', '14:30', '14:30', '10:00']",Piano,Beginner,2
S393,Alexander Keller,"['12:00', '14:00', '11:30', '13:00', '09:30']",Guitar,Beginner,3
S394,Raymond Boyd,"['11:30', '10:30', '17:00', '06:30', '13:00']",Guitar,Intermediate,2
S395,Kimberly Patton,"['17:00', '04:30', '04:30', '09:00', '03:30']",Violin,Beginner,3
S396,Jennifer Snyder,"['12:30', '07:00', '04:00', '09:00', '08:30']",Drums,Beginner,1
S397,Michael Perry,"['22:30', '00:00', '14:00', '00:00', '22:00']",Piano,Intermediate,1
S398,Christian Ramos,"['12:30', '11:00', '03:00', '12:30', '03:00']",Violin,Beginner,1
S399,Nancy Young,"['02:00', '23:00', '17:30', '04:30', '12:30']",Piano,Intermediate,1
S400,Tracey Glass,"['00:00', '14:00', '06:00', '11:00', '05:30']",Violin,Intermediate,3
S401,Corey Logan,"['18:30', '16:30', '08:30', '02:30', '18:00']",Violin,Advanced,2
S402,Shannon Williamson,"['12:30', '22:00', '07:00', '02:00', '19:00']",Piano,Beginner,1
S403,Taylor Porter,"['01:30', '17:00', '13:30', '22:30', '19:30']",Drums,Intermediate,2
S404,Sharon Mcintosh,"['10:30', '16:30', '16:30', '00:00', '02:30']",Guitar,Advanced,3
S405,Mathew Sanchez,"['08:00', '07:00', '23:00', '22:00', '09:00']",Piano,Intermediate,3
S406,Martin Nelson,"['21:30', '23:30', '08:30', '13:30', '15:00']",Piano,Beginner,3
S407,Steven Miller,"['19:30', '05:30', '14:30', '06:00', '00:30']",Piano,Advanced,1
S408,Evelyn Winters,"['10:00', '02:30', '19:30', '04:30', '08:00']",Violin,Intermediate,2
S409,William Johnson III,"['08:00', '15:00', '12:30', '19:30', '02:00']",Guitar,Advanced,2
S410,Wendy Bell,"['20:30', '15:30', '06:00', '21:30', '16:00']",Piano,Intermediate,2
S411,Jason Santiago,"['10:30', '18:30', '17:30', '06:00', '20:30']",Drums,Beginner,3
S412,Timothy Martin,"['01:30', '13:00', '12:00', '12:00', '19:00']",Violin,Advanced,1
S413,Gloria Ellis,"['11:00', '09:00', '22:00', '03:00', '07:00']",Guitar,Intermediate,3
S414,John Peters,"['17:00', '01:00', '21:30', '04:00', '21:30']",Drums,Intermediate,3
S415,Samantha Johns,"['23:30', '07:00', '13:30', '08:30', '02:30']",Piano,Beginner,2
S416,Albert Gibson,"['09:30', '10:00', '07:30', '20:00', '22:00']",Drums,Intermediate,3
S417,Kenneth Ponce,"['06:00', '17:30', '03:00', '20:30', '12:30']",Piano,Advanced,2
S418,Lori White,"['18:00', '12:00', '01:00', '17:30', '14:30']",Drums,Advanced,1
S419,Shawn Chavez,"['01:30', '02:30', '22:30', '20:30', '08:00']",Violin,Intermediate,2
S420,Andrew Flores,"['08:30', '16:30', '16:30', '23:00', '16:00']",Piano,Intermediate,1
S421,Jennifer White,"['03:00', '08:00', '00:30', '00:30', '09:30']",Drums,Advanced,2
S422,Sara Lyons,"['20:30', '06:00', '04:00', '20:30', '21:30']",Drums,Intermediate,3
S423,Margaret Barnett,"['13:00', '03:30', '22:30', '13:30', '01:00']",Piano,Intermediate,3
S424,Julian Torres,"['09:00', '05:00', '21:30', '16:30', '19:30']",Guitar,Beginner,1
S425,Justin Johns,"['05:00', '17:30', '18:00', '08:30', '03:00']",Drums,Intermediate,1
S426,Erica Jones,"['08:00', '17:00', '01:00', '03:30', '04:30']",Piano,Intermediate,1
S427,Seth Pena,"['04:00', '21:00', '03:00', '15:30', '13:00']",Guitar,Beginner,2
S428,Paula Hernandez,"['15:30', '22:30', '16:30', '05:00', '13:00']",Violin,Beginner,2
S429,Angela Wilson,"['08:00', '10:30', '06:00', '04:30', '17:00']",Piano,Advanced,1
S430,Wendy Vargas,"['03:00', '01:30', '03:00', '07:30', '03:30']",Violin,Advanced,3
S431,James Allen,"['18:30', '00:30', '04:30', '22:30', '14:00']",Guitar,Beginner,2
S432,Paula Munoz,"['09:00', '16:30', '21:30', '12:00', '17:00']",Drums,Intermediate,2
S433,Sean Vazquez,"['06:00', '13:00', '17:30', '12:30', '17:00']",Piano,Intermediate,2
S434,Cindy Phillips,"['22:30', '01:00', '19:00', '18:00', '23:30']",Piano,Beginner,1
S435,Grace Dalton,"['05:30', '03:30', '22:00', '10:00', '16:30']",Piano,Advanced,1
S436,Tara Lopez,"['04:00', '00:00', '04:30', '05:30', '20:30']",Piano,Advanced,1
S437,Michael Brown,"['14:00', '13:00', '20:00', '08:00', '22:00']",Guitar,Advanced,1
S438,Brian Bailey,"['08:00', '01:30', '03:00', '23:30', '03:00']",Drums,Advanced,1
S439,Molly Fox,"['23:30', '08:30', '11:30', '22:00', '19:30']",Drums,Advanced,3
S440,Benjamin Garcia,"['03:00', '11:00', '18:30', '05:00', '11:00']",Piano,Beginner,3
S441,Matthew Lamb,"['01:30', '15:30', '01:00', '00:30', '22:30']",Guitar,Intermediate,1
S442,Pamela Poole,"['01:30', '08:30', '01:30', '23:30', '13:00']",Drums,Beginner,2
S443,Heather Collins DDS,"['07:00', '14:00', '20:30', '10:00', '00:30']",Drums,Beginner,1
S444,Jennifer Wilson DDS,"['18:00', '19:30', '13:00', '08:00', '07:30']",Piano,Intermediate,3
S445,Jonathan Wolfe,"['09:30', '07:30', '08:00', '16:30', '20:30']",Violin,Intermediate,3
S446,Sarah Jackson,"['20:00', '10:00', '11:00', '22:00', '06:00']",Piano,Beginner,2
S447,Taylor Fisher,"['11:00', '01:00', '19:30', '22:30', '10:00']",Guitar,Beginner,3
S448,Patricia Snow,"['05:30', '16:00', '21:00', '10:30', '18:00']",Piano,Advanced,1
S449,Jeffrey Jimenez,"['18:30', '12:30', '21:30', '02:30', '18:30']",Drums,Advanced,2
S450,Becky Smith,"['20:00', '17:30', '07:00', '16:30', '13:30']",Piano,Advanced,1
S451,Shelly Lutz,"['23:00', '12:00', '07:30', '00:30', '07:30']",Guitar,Advanced,1
S452,Toni Martinez,"['03:00', '16:30', '04:00', '07:30', '09:00']",Drums,Beginner,2
S453,Charlene Lawson,"['20:00', '14:30', '05:30', '10:30', '11:00']",Piano,Advanced,1
S454,Ruth Graves,"['16:30', '18:30', '11:00', '22:00', '12:30']",Piano,Advanced,3
S455,Margaret Patrick,"['23:30', '14:30', '08:00', '19:30', '17:30']",Guitar,Beginner,1
S456,Misty Park,"['00:00', '19:00', '21:00', '09:30', '13:00']",Drums,Intermediate,2
S457,Heather Gentry,"['16:30', '04:30', '18:00', '02:30', '20:30']",Violin,Advanced,2
S458,Carolyn White,"['00:30', '01:00', '09:00', '06:00', '23:30']",Violin,Intermediate,2
S459,Rachel Diaz,"['07:00', '11:00', '08:30', '05:00', '18:00']",Violin,Beginner,1
S460,Julie Wilkinson,"['18:00', '09:30', '14:30', '01:30', '13:30']",Piano,Advanced,2
S461,Rebecca Martin,"['10:30', '20:00', '15:00', '21:00', '18:00']",Drums,Advanced,2
S462,Douglas Johnson,"['04:30', '22:00', '15:00', '01:00', '13:00']",Drums,Beginner,1
S463,Ronald Simpson,"['03:30', '16:00', '15:30', '15:00', '03:30']",Guitar,Beginner,3
S464,Lori Hill,"['22:30', '18:30', '12:30', '08:00', '16:30']",Violin,Advanced,1
S465,Ernest Davila,"['23:30', '07:30', '03:30', '07:30', '23:00']",Piano,Beginner,2
S466,Brittany Blanchard,"['11:00', '09:00', '08:30', '20:00', '22:30']",Drums,Advanced,2
S467,Katrina Lewis,"['14:30', '10:30', '18:00', '15:00', '01:30']",Guitar,Beginner,1
S468,Joseph Green,"['12:30', '14:30', '14:00', '09:30', '04:00']",Guitar,Beginner,3
S469,Jack Moreno,"['10:00', '06:30', '20:30', '19:30', '21:30']",Guitar,Intermediate,2
S470,Phillip Lee,"['05:30', '01:00', '06:00', '22:00', '16:00']",Violin,Advanced,2
S471,Kevin Simmons,"['22:30', '23:30', '11:30', '15:30', '18:00']",Drums,Beginner,2
S472,Thomas Stein,"['11:30', '22:30', '16:30', '05:30', '08:30']",Violin,Intermediate,1
S473,Jane Williams,"['03:30', '14:30', '20:00', '23:00', '03:00']",Guitar,Beginner,2
S474,Chelsea Walker,"['03:30', '07:30', '05:00', '17:00', '17:30']",Drums,Advanced,3
S475,Gina Griffin,"['11:00', '11:30', '13:00', '10:00', '10:00']",Guitar,Beginner,2
S476,Melissa West,"['02:30', '23:00', '02:30', '06:30', '09:00']",Drums,Beginner,2
S477,Keith Terrell,"['05:00', '02:30', '09:30', '17:00', '00:00']",Violin,Intermediate,3
S478,Matthew Stevenson,"['10:00', '07:00', '23:00', '23:00', '11:00']",Guitar,Intermediate,2
S479,Amber Newton,"['12:30', '13:30', '04:00', '14:00', '15:30']",Guitar,Beginner,1
S480,Matthew Haley,"['14:30', '08:00', '04:00', '12:30', '06:30']",Violin,Beginner,1
S481,Linda Thomas,"['02:00', '14:00', '11:00', '23:30', '06:30']",Guitar,Advanced,1
S482,Jordan Smith,"['06:30', '21:00', '01:00', '09:30', '11:00']",Violin,Beginner,3
S483,Jessica Wright,"['13:30', '01:00', '09:00', '21:00', '04:00']",Guitar,Intermediate,2
S484,John Harding,"['19:00', '02:30', '23:00', '19:30', '21:30']",Violin,Beginner,1
S485,Edward Rodriguez,"['03:30', '07:30', '05:30', '06:30', '22:30']",Drums,Beginner,3
S486,Sara Rodriguez,"['03:30', '16:00', '06:30', '02:00', '02:30']",Violin,Intermediate,2
S487,Julie Jones,"['13:30', '20:30', '10:30', '23:30', '19:30']",Guitar,Intermediate,3
S488,Pamela Ellis,"['10:30', '15:00', '02:00', '04:30', '07:30']",Piano,Beginner,1
S489,Lisa Becker,"['03:30', '04:00', '03:00', '22:30', '19:00']",Piano,Advanced,1
S490,Chelsea Moss,"['10:00', '15:30', '04:30', '10:30', '06:30']",Drums,Beginner,1
S491,Anna Mills,"['03:30', '20:30', '06:00', '16:00', '09:30']",Guitar,Beginner,3
S492,Randy Kelley,"['04:30', '16:30', '09:00', '13:00', '15:30']",Drums,Advanced,3
S493,Tammy Wood,"['16:30', '19:30', '03:00', '23:00', '08:00']",Violin,Intermediate,1
S494,Jennifer Rogers,"['05:30', '22:00', '15:30', '23:00', '08:00']",Guitar,Advanced,3
S495,Patty Adams,"['12:00', '08:00', '04:30', '20:00', '14:00']",Drums,Intermediate,1
S496,Matthew Williams,"['15:30', '13:30', '02:00', '09:30', '07:30']",Violin,Beginner,1
S497,Mark Dawson,"['18:00', '16:30', '17:00', '09:30', '00:00']",Drums,Beginner,2
S498,Tracy Moran,"['00:30', '13:30', '22:00', '15:30', '06:30']",Guitar,Advanced,3
S499,Amanda Rodriguez,"['14:00', '21:00', '20:30', '14:00', '11:00']",Drums,Advanced,1
S500,Geoffrey Trevino,"['09:00', '16:30', '05:00', '21:00', '20:30']",Drums,Beginner,1
S501,Mark Massey,"['15:30', '07:30', '17:30', '09:00', '03:00']",Piano,Advanced,3
S502,Mike Neal,"['15:30', '19:00', '02:00', '21:30', '21:30']",Piano,Beginner,2
S503,Joshua Lloyd,"['23:00', '21:00', '07:30', '07:30', '11:00']",Guitar,Intermediate,2
S504,Julie Sullivan,"['01:30', '17:00', '05:00', '05:30', '01:00']",Violin,Advanced,1
S505,Troy Coleman,"['05:00', '11:30', '07:30', '01:00', '02:30']",Guitar,Intermediate,3
S506,David Jones,"['16:30', '18:00', '23:00', '19:30', '06:00']",Drums,Advanced,2
S507,Jonathan Foster,"['08:30', '18:30', '18:00', '18:30', '23:30']",Violin,Beginner,3
S508,Lee White,"['18:00', '14:30', '15:30', '07:00', '08:30']",Violin,Advanced,3
S509,Michael Nolan,"['12:30', '15:30', '18:00', '17:30', '10:30']",Violin,Beginner,1
S510,Sheri Robertson,"['04:30', '04:30', '22:00', '22:30', '00:00']",Piano,Intermediate,2
S511,Tammy Bates,"['18:30', '22:00', '21:30', '13:00', '02:30']",Piano,Beginner,1
S512,Adam Hensley,"['21:30', '03:00', '13:30', '22:30', '11:00']",Piano,Intermediate,2
S513,Meghan Shepard,"['18:30', '00:00', '20:00', '12:30', '22:00']",Piano,Advanced,2
S514,Jennifer Harmon,"['03:00', '11:00', '04:30', '02:30', '19:30']",Violin,Beginner,2
S515,Valerie Shaw,"['06:00', '17:00', '13:00', '11:30', '14:00']",Drums,Intermediate,2
S516,Melissa Wheeler,"['19:00', '13:00', '11:30', '00:00', '16:00']",Violin,Advanced,2
S517,Jason Rice,"['11:00', '23:30', '23:30', '09:30', '00:30']",Guitar,Intermediate,3
S518,Ryan Horn,"['03:00', '08:00', '16:30', '20:00', '12:00']",Guitar,Intermediate,1
S519,Sarah Morales,"['12:00', '05:00', '07:00', '06:30', '07:30']",Guitar,Advanced,3
S520,Jeff Wallace,"['00:00', '06:30', '08:00', '11:30', '00:30']",Piano,Advanced,2
S521,Michael Black,"['05:00', '13:00', '12:00', '03:00', '16:00']",Violin,Beginner,1
S522,Blake Oconnell,"['19:00', '07:00', '00:30', '15:30', '23:00']",Guitar,Beginner,2
S523,Leah Matthews,"['16:00', '15:00', '09:00', '08:00', '09:00']",Drums,Beginner,1
S524,Jordan Clark,"['16:30', '08:30', '03:30', '16:00', '02:30']",Drums,Beginner,3
S525,Tracy Arnold,"['03:30', '14:00', '18:00', '13:30', '07:00']",Guitar,Intermediate,1
S526,Randy Adams,"['02:30', '00:00', '08:00', '03:30', '22:00']",Piano,Intermediate,1
S527,Barry Beasley,"['17:00', '06:30', '21:00', '05:00', '04:30']",Drums,Intermediate,1
S528,Patricia Roman,"['13:00', '14:30', '03:00', '08:00', '01:00']",Drums,Intermediate,1
S529,David Beck,"['10:00', '22:30', '07:30', '15:00', '10:00']",Violin,Beginner,1
S530,Michelle King,"['23:30', '01:00', '10:30', '10:30', '20:00']",Piano,Intermediate,2
S531,Stephen Douglas,"['22:00', '13:30', '20:30', '11:30', '03:30']",Violin,Advanced,1
S532,Nathaniel Huerta,"['09:00', '22:30', '07:30', '11:30', '23:00']",Piano,Intermediate,1
S533,Natalie Cross,"['18:00', '11:00', '06:00', '04:30', '03:00']",Violin,Beginner,3
S534,Mrs. Erica Jacobs,"['17:00', '21:00', '20:00', '09:00', '17:30']",Piano,Beginner,1
S535,Vincent Quinn,"['21:30', '23:30', '04:30', '15:00', '01:30']",Guitar,Beginner,3
S536,Jennifer Hernandez MD,"['14:30', '14:30', '11:30', '13:30', '05:30']",Guitar,Advanced,2
S537,Christian Williams,"['05:30', '15:30', '01:00', '02:00', '03:00']",Violin,Beginner,1
S538,Mark Anderson,"['11:00', '06:00', '12:30', '22:00', '15:00']",Violin,Beginner,3
S539,Steven Paul,"['20:30', '15:00', '11:30', '20:00', '10:00']",Violin,Intermediate,3
S540,Michelle Wallace,"['13:00', '02:30', '17:00', '18:00', '13:30']",Violin,Advanced,2
S541,Michael Bell,"['06:30', '23:30', '07:30', '14:30', '09:00']",Drums,Beginner,1
S542,Joseph Ramirez,"['10:30', '13:00', '04:00', '10:00', '18:00']",Drums,Advanced,1
S543,Alexis Gibbs,"['11:00', '04:30', '12:00', '17:00', '05:00']",Piano,Beginner,3
S544,Sharon Noble,"['08:30', '05:30', '04:30', '08:00', '19:30']",Violin,Advanced,1
S545,Jason Johnson,"['17:30', '19:00', '00:00', '21:30', '06:00']",Drums,Intermediate,3
S546,Jesse Shaw,"['17:00', '07:00', '08:00', '12:30', '06:30']",Violin,Beginner,1
S547,Melissa Ingram,"['09:00', '15:00', '11:00', '21:00', '12:30']",Guitar,Intermediate,3
S548,Amy Wilson,"['23:00', '12:30', '15:30', '15:00', '08:30']",Piano,Intermediate,1
S549,Sandra Rose,"['15:00', '03:00', '14:30', '02:00', '20:00']",Piano,Advanced,2
S550,Melissa Schneider,"['00:30', '07:00', '08:00', '22:30', '08:00']",Drums,Beginner,1
S551,David Williamson,"['05:30', '11:30', '10:00', '03:30', '00:00']",Drums,Advanced,1
S552,Shannon Singh,"['20:30', '17:30', '16:00', '10:00', '12:30']",Guitar,Advanced,2
S553,Joshua Perez,"['21:30', '06:00', '22:00', '02:00', '01:00']",Drums,Advanced,1
S554,Erin Parker,"['18:30', '14:30', '20:00', '07:30', '15:00']",Guitar,Beginner,2
S555,Mary Rodgers,"['23:30', '12:00', '19:30', '08:00', '22:00']",Violin,Intermediate,1
S556,Michael Santos,"['16:00', '16:30', '10:30', '11:00', '10:00']",Violin,Intermediate,3
S557,Micheal Benton,"['22:00', '09:30', '22:30', '08:00', '14:30']",Violin,Intermediate,3
S558,Christina Brown,"['21:00', '17:00', '09:30', '04:30', '12:00']",Guitar,Intermediate,1
S559,Maria Larson,"['04:30', '09:30', '04:30', '08:30', '20:00']",Piano,Beginner,1
S560,Mark Stewart,"['22:00', '02:00', '13:30', '21:30', '11:30']",Guitar,Intermediate,1
S561,Amy Taylor,"['12:30', '01:30', '02:00', '11:00', '10:00']",Drums,Advanced,3
S562,Amber Marquez,"['10:30', '22:30', '14:00', '13:30', '20:30']",Violin,Advanced,1
S563,Tammy Palmer,"['00:30', '00:30', '23:00', '21:00', '20:00']",Piano,Beginner,3
S564,Jackie York,"['16:30', '06:30', '14:00', '11:30', '02:00']",Drums,Advanced,2
S565,Karen Clark,"['18:30', '12:00', '17:30', '18:30', '09:30']",Violin,Advanced,3
S566,Kelly Parsons,"['17:30', '11:30', '10:30', '18:00', '23:30']",Piano,Advanced,3
S567,Lisa Charles,"['13:00', '04:30', '00:30', '16:30', '09:30']",Piano,Intermediate,2
S568,Ruben Young,"['06:30', '17:00', '03:30', '07:30', '04:00']",Drums,Beginner,3
S569,Melissa Mills,"['10:00', '14:00', '18:30', '20:00', '23:00']",Guitar,Advanced,1
S570,Christopher Smith,"['11:00', '17:00', '11:30', '22:00', '14:30']",Guitar,Advanced,1
S571,Mike Richardson,"['11:00', '18:00', '11:30', '03:30', '09:30']",Guitar,Intermediate,3
S572,Beth Johnson,"['15:30', '22:30', '23:30', '02:30', '09:30']",Violin,Beginner,1
S573,Ashley Acosta,"['00:30', '07:00', '00:00', '12:00', '04:30']",Drums,Advanced,3
S574,Jose Davis,"['09:30', '20:00', '12:30', '17:30', '13:30']",Drums,Intermediate,1
S575,Lauren Boyd,"['07:30', '09:30', '05:00', '11:30', '03:30']",Drums,Beginner,1
S576,Jeffrey Morgan,"['10:00', '06:30', '06:30', '09:30', '12:30']",Guitar,Intermediate,3
S577,Kristy Mcmahon,"['12:00', '00:30', '15:00', '22:00', '21:30']",Piano,Beginner,1
S578,Allison Bowman,"['18:00', '21:30', '15:30', '19:00', '17:00']",Piano,Intermediate,3
S579,Matthew Guerrero,"['00:30', '05:00', '19:30', '21:00', '21:00']",Piano,Beginner,1
S580,Melinda Martin,"['10:00', '00:30', '13:30', '10:30', '00:30']",Guitar,Beginner,1
S581,Sara Jones,"['05:30', '17:30', '00:30', '04:30', '04:00']",Piano,Advanced,2
S582,Joy Park,"['05:30', '09:00', '07:30', '09:30', '18:00']",Violin,Intermediate,2
S583,Ruben Banks,"['17:30', '03:30', '06:00', '22:00', '04:00']",Drums,Intermediate,3
S584,Andrea Blair,"['00:00', '17:00', '11:00', '09:30', '12:00']",Violin,Beginner,2
S585,Sarah Rich,"['07:30', '10:00', '06:30', '18:00', '10:30']",Violin,Advanced,3
S586,Nicholas Conrad,"['13:30', '05:00', '00:30', '06:30', '09:30']",Piano,Advanced,2
S587,Pamela Castillo,"['17:00', '20:30', '11:30', '21:00', '00:30']",Piano,Intermediate,1
S588,Cheryl Tucker,"['13:30', '18:30', '02:30', '08:00', '15:30']",Drums,Beginner,3
S589,Jason Wise,"['09:00', '09:00', '05:30', '14:30', '18:30']",Piano,Advanced,3
S590,Samantha Benson,"['14:30', '17:30', '12:00', '05:00', '07:30']",Guitar,Intermediate,1
S591,Samantha Anderson,"['01:00', '12:00', '08:00', '11:00', '17:30']",Drums,Beginner,3
S592,Nicholas Armstrong,"['07:00', '16:00', '18:30', '16:00', '20:00']",Piano,Intermediate,3
S593,Joel Graham,"['22:00', '07:30', '03:30', '15:00', '19:00']",Drums,Intermediate,2
S594,Terry Stephenson,"['18:00', '05:30', '14:30', '16:30', '20:00']",Drums,Intermediate,3
S595,Tammy Davis,"['15:00', '15:00', '01:30', '05:00', '08:30']",Guitar,Advanced,1
S596,Christopher Webb,"['05:00', '18:30', '01:00', '14:30', '07:30']",Piano,Beginner,2
S597,Benjamin Caldwell,"['11:00', '08:00', '03:30', '16:00', '03:00']",Piano,Intermediate,2
S598,Joshua Park,"['13:00', '14:30', '19:30', '03:30', '17:00']",Violin,Advanced,1
S599,Laura Kelly,"['19:00', '06:00', '06:30', '04:00', '02:00']",Drums,Intermediate,1
S600,Melissa Johnston,"['04:30', '19:30', '11:00', '00:30', '12:30']",Guitar,Beginner,2
S601,Carol Nguyen,"['02:30', '07:00', '17:00', '05:30', '01:00']",Guitar,Beginner,3
S602,Brooke Wallace,"['12:30', '11:00', '18:00', '05:30', '13:30']",Guitar,Beginner,2
S603,Brian Thomas,"['17:30', '21:30', '02:00', '10:00', '02:00']",Piano,Beginner,1
S604,Deanna Harris,"['13:00', '15:00', '12:30', '18:30', '14:30']",Piano,Beginner,2
S605,Ryan Lee,"['09:30', '01:00', '05:30', '05:30', '15:00']",Violin,Advanced,1
S606,Eric Jones,"['09:00', '05:00', '18:30', '19:00', '23:30']",Piano,Intermediate,2
S607,Susan Cruz,"['20:30', '07:30', '00:00', '03:00', '23:00']",Piano,Intermediate,3
S608,Jerry Hudson,"['23:00', '19:00', '01:00', '07:30', '10:30']",Guitar,Advanced,2
S609,Harold Floyd,"['22:00', '02:00', '14:30', '21:30', '10:30']",Piano,Advanced,2
S610,Deborah Haney,"['13:00', '21:00', '23:30', '21:30', '20:00']",Guitar,Beginner,1
S611,Maria Jones,"['21:30', '18:30', '20:30', '11:00', '23:30']",Violin,Beginner,1
S612,Janice Hart,"['02:00', '10:30', '11:30', '10:30', '23:00']",Piano,Advanced,1
S613,Eduardo Nunez,"['00:30', '05:30', '05:00', '07:00', '20:30']",Guitar,Intermediate,2
S614,Marcus Wilson,"['02:30', '00:00', '15:00', '11:00', '20:30']",Violin,Beginner,3
S615,Jocelyn Williams,"['01:30', '06:30', '03:00', '06:00', '16:30']",Piano,Intermediate,1
S616,Amy Gallagher,"['15:30', '04:30', '23:00', '05:30', '23:00']",Guitar,Advanced,1
S617,Jordan Romero,"['04:00', '10:30', '12:30', '20:30', '01:30']",Drums,Advanced,2
S618,Carla Taylor,"['05:00', '12:30', '12:00', '21:00', '20:30']",Guitar,Advanced,1
S619,Katherine Bruce,"['12:30', '06:00', '06:00', '08:30', '10:00']",Piano,Intermediate,3
S620,Russell Gamble,"['02:00', '18:00', '14:00', '05:00', '02:30']",Guitar,Advanced,3
S621,Jillian Hahn,"['04:00', '06:00', '05:00', '15:00', '20:30']",Violin,Intermediate,1
S622,Tonya Martinez,"['06:30', '01:30', '19:30', '07:30', '23:30']",Drums,Beginner,1
S623,Terri Rice,"['08:00', '11:00', '03:30', '23:00', '09:30']",Violin,Beginner,2
S624,Robert Andrews,"['07:00', '10:00', '07:30', '04:00', '20:00']",Piano,Beginner,3
S625,Jenna Wilson,"['13:00', '03:30', '05:00', '23:30', '18:30']",Guitar,Beginner,3
S626,Leslie Ford,"['10:00', '20:30', '12:00', '21:30', '03:00']",Drums,Intermediate,1
S627,Christopher Hall,"['01:00', '22:00', '07:30', '23:30', '05:00']",Piano,Intermediate,2
S628,Jonathan Valdez,"['00:30', '15:00', '06:00', '08:00', '11:30']",Piano,Intermediate,3
S629,Barry Glenn,"['21:30', '21:30', '06:00', '02:00', '09:30']",Violin,Advanced,3
S630,Megan Smith,"['05:00', '03:30', '01:30', '20:30', '04:00']",Guitar,Advanced,2
S631,Virginia Higgins,"['23:00', '12:30', '20:30', '16:30', '11:30']",Piano,Beginner,2
S632,Teresa Jones,"['18:00', '12:00', '20:00', '05:30', '22:00']",Violin,Advanced,3
S633,Duane Wade III,"['22:30', '10:30', '00:00', '18:30', '22:00']",Piano,Beginner,3
S634,Javier Barron,"['14:00', '04:00', '03:30', '18:00', '07:30']",Guitar,Intermediate,2
S635,Colleen Weber,"['23:30', '06:00', '03:30', '03:00', '05:30']",Violin,Beginner,3
S636,James Lawrence,"['06:30', '17:30', '11:00', '14:00', '10:30']",Violin,Advanced,1
S637,Sharon Williams,"['23:30', '01:30', '05:00', '15:00', '13:00']",Drums,Beginner,1
S638,Eric Mccoy,"['21:30', '17:30', '19:00', '04:30', '07:00']",Piano,Beginner,2
S639,Amy Johnson,"['02:30', '22:00', '15:00', '17:30', '19:30']",Piano,Beginner,2
S640,Jason Gonzalez,"['20:30', '11:00', '20:30', '22:30', '10:30']",Violin,Beginner,2
S641,Thomas Johnson,"['22:30', '23:00', '04:00', '10:30', '13:30']",Piano,Intermediate,1
S642,Daniel Woods,"['16:30', '16:30', '11:30', '23:30', '02:00']",Guitar,Advanced,3
S643,Melissa Flores,"['20:30', '20:30', '16:30', '03:30', '19:00']",Piano,Intermediate,1
S644,Aaron Carroll,"['21:00', '09:30', '19:00', '03:30', '09:30']",Drums,Beginner,3
S645,Jennifer Williams,"['03:30', '01:30', '17:30', '10:30', '14:00']",Piano,Beginner,1
S646,Joe Small,"['20:30', '04:00', '12:00', '19:00', '09:00']",Piano,Intermediate,3
S647,Heather Walker,"['19:00', '11:00', '10:30', '04:30', '05:00']",Guitar,Intermediate,1
S648,Eric Watson,"['14:00', '21:30', '15:00', '01:00', '20:30']",Violin,Intermediate,2
S649,Marisa Moore,"['10:30', '00:00', '10:00', '11:00', '08:30']",Drums,Beginner,1
S650,Elizabeth Barrett,"['14:30', '07:00', '05:30', '08:30', '02:00']",Violin,Advanced,3
S651,Kenneth Hampton,"['14:00', '18:00', '03:00', '00:00', '20:00']",Drums,Advanced,1
S652,Amanda Green,"['12:00', '05:00', '16:00', '06:30', '10:00']",Guitar,Intermediate,1
S653,Julian Mitchell,"['11:30', '07:30', '19:30', '14:00', '02:30']",Guitar,Advanced,1
S654,Andrew Schaefer,"['01:30', '16:00', '21:30', '04:00', '01:30']",Guitar,Beginner,2
S655,Jeffrey Bowman,"['04:00', '13:00', '00:00', '08:30', '20:00']",Guitar,Advanced,1
S656,Adam Munoz,"['23:00', '14:30', '19:30', '14:00', '19:30']",Violin,Intermediate,2
S657,Mark Williams,"['05:00', '13:00', '02:00', '10:00', '11:30']",Violin,Advanced,2
S658,Damon Carter,"['12:30', '18:00', '21:30', '20:30', '20:30']",Drums,Advanced,1
S659,Jane Henry,"['04:30', '02:00', '22:30', '21:30', '08:30']",Drums,Beginner,1
S660,Amy Melton,"['06:00', '20:30', '18:30', '04:30', '11:00']",Piano,Beginner,1
S661,Julia Smith,"['04:00', '19:30', '08:00', '09:30', '07:00']",Violin,Beginner,3
S662,Kelly Cantrell,"['18:30', '14:30', '14:30', '19:00', '02:00']",Piano,Intermediate,1
S663,Courtney Bradley,"['12:00', '00:30', '10:30', '03:30', '19:30']",Guitar,Intermediate,2
S664,Michael Bowman,"['20:30', '09:30', '17:30', '17:00', '15:00']",Violin,Advanced,1
S665,Andrew Hughes,"['13:00', '11:00', '09:30', '00:30', '20:00']",Guitar,Advanced,3
S666,Casey Goodwin MD,"['12:00', '12:00', '06:30', '07:00', '19:30']",Piano,Intermediate,1
S667,Joshua Perez,"['18:00', '09:30', '22:00', '07:30', '21:30']",Drums,Intermediate,3
S668,Christina Chambers,"['08:00', '01:30', '21:00', '21:00', '11:00']",Guitar,Advanced,3
S669,Kaitlyn Lee,"['05:00', '04:00', '02:00', '16:30', '16:30']",Drums,Advanced,1
S670,Jennifer Hale,"['19:00', '01:30', '11:00', '07:00', '19:00']",Guitar,Beginner,2
S671,Steven Schmidt,"['03:30', '19:00', '23:00', '22:00', '06:30']",Violin,Advanced,3
S672,Tammie Graham,"['11:30', '00:00', '18:30', '00:30', '11:00']",Guitar,Advanced,1
S673,Melissa Lee,"['15:00', '14:00', '01:00', '19:30', '18:30']",Guitar,Advanced,1
S674,Nicholas Dyer,"['18:00', '03:00', '03:30', '08:30', '09:00']",Violin,Beginner,2
S675,William Paul,"['08:00', '07:00', '17:00', '22:30', '09:00']",Guitar,Intermediate,3
S676,Logan White,"['05:00', '09:00', '06:30', '05:30', '13:00']",Violin,Advanced,3
S677,Joseph Rogers,"['03:00', '20:00', '07:30', '09:00', '04:30']",Guitar,Intermediate,1
S678,Latasha Gentry,"['06:00', '16:30', '00:00', '21:30', '21:30']",Piano,Intermediate,1
S679,Robert Stephenson,"['04:00', '23:30', '04:00', '16:00', '14:00']",Drums,Advanced,2
S680,Brian Chavez MD,"['07:30', '02:30', '02:00', '23:00', '07:30']",Drums,Beginner,2
S681,Janet Hester,"['19:00', '15:30', '07:00', '02:00', '10:30']",Guitar,Beginner,3
S682,April Boyd,"['22:30', '18:00', '10:30', '19:30', '04:00']",Violin,Intermediate,3
S683,Theresa Ford,"['20:30', '02:30', '14:30', '15:30', '13:00']",Violin,Advanced,1
S684,Nicole Chan,"['16:00', '15:30', '16:00', '19:00', '17:30']",Drums,Advanced,3
S685,Angela Schmidt,"['02:00', '11:00', '13:30', '04:30', '23:30']",Piano,Beginner,2
S686,Thomas Reed,"['21:00', '13:00', '11:30', '18:30', '11:30']",Guitar,Intermediate,2
S687,Elizabeth Cline,"['17:00', '11:00', '02:30', '10:00', '18:00']",Violin,Intermediate,1
S688,Katherine Garcia,"['20:30', '20:30', '05:00', '03:30', '00:30']",Piano,Advanced,2
S689,Brandon Hunt,"['05:30', '14:00', '23:00', '05:30', '08:30']",Drums,Advanced,2
S690,Stephanie Chambers,"['13:00', '00:00', '23:00', '22:30', '12:00']",Guitar,Intermediate,2
S691,William Torres,"['02:00', '06:00', '06:00', '22:00', '11:30']",Guitar,Intermediate,2
S692,James Bryant,"['11:30', '23:00', '12:00', '17:00', '23:30']",Drums,Intermediate,1
S693,Chad Long,"['23:00', '13:00', '05:30', '08:00', '19:00']",Piano,Beginner,1
S694,David Fox,"['00:30', '02:30', '17:00', '07:30', '06:00']",Guitar,Beginner,3
S695,David Baker,"['04:30', '23:30', '14:30', '06:00', '00:30']",Piano,Intermediate,2
S696,Stephanie Robinson,"['15:30', '11:00', '11:30', '18:30', '01:00']",Piano,Beginner,3
S697,Kristina Smith,"['22:00', '20:30', '17:00', '02:30', '07:00']",Violin,Beginner,1
S698,Gary Boyer,"['03:00', '17:00', '15:00', '03:00', '00:30']",Guitar,Intermediate,1
S699,Nathaniel Clark,"['06:30', '11:00', '10:00', '03:00', '09:30']",Violin,Advanced,1
S700,Malik Short,"['09:00', '23:00', '22:30', '14:00', '18:30']",Violin,Intermediate,1
S701,Raymond Richmond,"['03:00', '22:00', '13:00', '19:00', '11:30']",Drums,Intermediate,1
S702,Cheryl Garrett,"['00:00', '15:30', '03:00', '06:00', '15:00']",Piano,Advanced,1
S703,Tonya Carpenter,"['11:00', '05:00', '02:00', '02:30', '12:00']",Piano,Advanced,1
S704,Michael Wright MD,"['12:00', '14:30', '09:30', '04:00', '08:30']",Piano,Intermediate,2
S705,Andrea Padilla,"['03:30', '12:00', '16:00', '10:00', '20:30']",Violin,Advanced,3
S706,Sarah Washington,"['14:00', '22:00', '10:00', '00:00', '08:00']",Violin,Beginner,1
S707,Jacob Wilson,"['17:30', '12:00', '20:00', '14:00', '05:00']",Guitar,Beginner,2
S708,Keith Horne,"['02:00', '23:00', '12:30', '20:00', '05:00']",Piano,Beginner,2
S709,Jacqueline Gallegos,"['00:00', '09:30', '19:00', '18:00', '18:30']",Violin,Advanced,3
S710,Jeremy Howard,"['01:30', '21:00', '01:30', '09:30', '12:30']",Drums,Advanced,1
S711,Joseph Daniels,"['13:30', '07:00', '02:30', '14:30', '13:30']",Violin,Beginner,3
S712,Timothy Huffman,"['13:30', '12:30', '07:30', '02:30', '07:30']",Guitar,Advanced,1
S713,Albert Bernard,"['04:00', '17:30', '04:30', '12:00', '05:00']",Drums,Advanced,2
S714,Mary Martin,"['18:00', '04:30', '11:30', '17:30', '03:30']",Drums,Advanced,2
S715,Christian Clark,"['08:00', '11:30', '07:00', '01:00', '18:00']",Guitar,Beginner,2
S716,Amanda Johnson,"['14:00', '21:30', '22:30', '19:00', '22:30']",Violin,Beginner,2
S717,Julie Martin,"['12:00', '13:30', '08:30', '04:30', '02:30']",Guitar,Advanced,3
S718,Amanda Johnston,"['12:30', '04:30', '22:00', '17:30', '20:00']",Violin,Intermediate,1
S719,Mary Hart,"['06:00', '05:00', '08:00', '22:00', '22:00']",Guitar,Advanced,1
S720,Cheryl Mclaughlin,"['17:00', '03:30', '04:30', '12:00', '21:30']",Violin,Advanced,3
S721,Angela Hogan,"['16:30', '17:00', '05:00', '23:00', '15:30']",Guitar,Intermediate,1
S722,Emily Howard,"['21:30', '11:00', '01:00', '22:00', '10:30']",Violin,Advanced,2
S723,Lindsay Hernandez,"['13:00', '05:00', '03:00', '14:00', '16:00']",Guitar,Beginner,1
S724,Brittney Walker,"['11:00', '21:30', '14:30', '10:00', '01:30']",Violin,Beginner,2
S725,Elizabeth Miller,"['22:00', '23:00', '16:00', '09:00', '10:30']",Guitar,Advanced,3
S726,Meredith Larson,"['17:00', '06:00', '22:30', '13:00', '21:00']",Piano,Intermediate,1
S727,Regina Brown,"['07:00', '00:00', '14:00', '08:00', '03:30']",Guitar,Intermediate,3
S728,Debbie Murray,"['15:30', '04:00', '23:30', '09:00', '11:30']",Guitar,Beginner,1
S729,Cynthia Parker,"['01:30', '16:30', '05:00', '10:30', '14:30']",Piano,Advanced,2
S730,Wesley Gomez,"['07:00', '15:30', '12:30', '00:30', '23:30']",Piano,Advanced,3
S731,Mr. Michael Hunter II,"['18:30', '10:00', '12:00', '00:00', '21:00']",Guitar,Beginner,1
S732,Paul Jones,"['08:00', '15:30', '05:00', '10:00', '09:30']",Violin,Beginner,2
S733,Rebecca Booth,"['22:00', '17:30', '07:00', '11:30', '19:00']",Guitar,Beginner,3
S734,John Walton,"['22:00', '03:00', '06:30', '11:00', '08:30']",Drums,Advanced,3
S735,Richard Riley,"['07:00', '02:30', '08:00', '01:00', '08:30']",Guitar,Intermediate,1
S736,Nicole Martin,"['01:30', '16:00', '02:30', '07:00', '13:00']",Guitar,Intermediate,1
S737,Joseph Crane,"['09:00', '09:30', '13:30', '03:30', '02:00']",Drums,Advanced,1
S738,Debra Kirby,"['10:30', '16:00', '11:30', '02:00', '10:00']",Violin,Intermediate,2
S739,Ashley Washington,"['06:00', '00:30', '03:30', '08:30', '19:30']",Drums,Intermediate,1
S740,Lori Rodriguez,"['23:30', '10:30', '22:30', '14:00', '17:00']",Violin,Beginner,3
S741,Derek Heath,"['05:30', '04:30', '11:00', '03:30', '23:00']",Drums,Advanced,3
S742,Christopher Johnson,"['19:30', '05:00', '16:30', '07:00', '16:30']",Guitar,Advanced,1
S743,Brady Morse,"['06:30', '07:00', '07:30', '16:00', '16:30']",Drums,Intermediate,1
S744,Jade Johnson,"['12:30', '11:30', '07:30', '10:00', '14:00']",Piano,Advanced,3
S745,Stuart Cooper,"['19:30', '10:30', '15:00', '19:00', '14:30']",Drums,Intermediate,2
S746,Joseph Ortiz,"['04:30', '07:30', '04:30', '10:30', '13:30']",Violin,Advanced,1
S747,Katelyn Hunter,"['21:30', '22:30', '07:00', '15:30', '14:30']",Drums,Beginner,1
S748,Michelle Potts,"['00:00', '18:30', '14:00', '10:30', '19:00']",Drums,Advanced,3
S749,Joseph Perry,"['09:30', '16:00', '02:00', '14:00', '15:30']",Violin,Intermediate,1
S750,Bradley Perry,"['07:30', '16:30', '14:30', '18:30', '01:30']",Drums,Beginner,2
S751,James Morgan,"['00:00', '14:30', '18:30', '22:00', '09:00']",Violin,Beginner,3
S752,Ronald Bailey,"['17:00', '10:30', '09:30', '00:00', '12:30']",Violin,Advanced,1
S753,Noah Watts,"['10:00', '13:00', '23:00', '18:00', '21:00']",Guitar,Intermediate,3
S754,Rachel Washington,"['16:00', '15:30', '20:30', '14:30', '09:30']",Drums,Beginner,1
S755,Michael Leon PhD,"['14:00', '08:30', '12:00', '13:30', '07:00']",Drums,Intermediate,1
S756,Abigail Wilson,"['16:00', '01:30', '08:30', '15:00', '18:30']",Piano,Beginner,1
S757,Joseph Cox,"['06:30', '21:30', '03:00', '18:30', '05:30']",Guitar,Intermediate,2
S758,Ryan Flynn,"['17:30', '04:30', '04:00', '06:00', '23:00']",Guitar,Advanced,2
S759,Jessica Wright,"['01:30', '23:00', '20:30', '02:30', '05:30']",Piano,Advanced,3
S760,Joshua Vance,"['06:30', '02:00', '16:00', '02:00', '09:30']",Guitar,Intermediate,1
S761,Peter Johnson,"['09:30', '23:30', '14:00', '13:00', '22:00']",Drums,Advanced,1
S762,Jacob Porter,"['06:00', '13:30', '01:00', '03:00', '10:00']",Piano,Beginner,2
S763,Michelle Velasquez,"['16:00', '03:30', '14:00', '00:00', '19:30']",Drums,Intermediate,1
S764,Michelle Wagner,"['18:00', '15:00', '12:00', '14:00', '09:30']",Guitar,Beginner,2
S765,Christina Gonzalez,"['04:30', '13:30', '12:30', '22:00', '11:00']",Guitar,Beginner,1
S766,Allen Evans III,"['03:00', '00:30', '15:00', '16:00', '22:30']",Drums,Advanced,3
S767,Kimberly Oliver,"['18:00', '11:30', '03:00', '20:30', '00:30']",Piano,Advanced,1
S768,James Wood,"['22:00', '09:30', '18:30', '19:30', '18:00']",Violin,Intermediate,1
S769,Robert King,"['13:30', '09:00', '04:00', '05:00', '02:00']",Drums,Intermediate,2
S770,Theresa White,"['18:30', '12:30', '16:30', '04:00', '22:30']",Violin,Advanced,1
S771,Lindsey Robinson,"['10:30', '15:30', '04:00', '02:00', '19:30']",Drums,Advanced,1
S772,Erin Moreno,"['20:00', '12:00', '04:00', '08:30', '08:30']",Piano,Beginner,2
S773,Lauren Fuller,"['16:30', '08:30', '02:00', '14:00', '04:30']",Drums,Intermediate,3
S774,Samuel Donaldson,"['19:00', '07:30', '21:00', '10:00', '19:00']",Violin,Advanced,3
S775,Kathy Hughes,"['10:00', '06:30', '08:30', '18:30', '12:00']",Piano,Advanced,2
S776,Allen Medina,"['11:00', '03:30', '22:30', '17:00', '19:00']",Guitar,Intermediate,2
S777,Jill Humphrey,"['02:00', '01:30', '23:00', '07:00', '04:30']",Violin,Beginner,2
S778,Jose Erickson,"['15:30', '23:30', '10:30', '04:00', '00:00']",Guitar,Advanced,2
S779,Catherine Goodman,"['07:30', '07:00', '13:00', '05:30', '19:30']",Violin,Beginner,2
S780,Scott Thomas,"['11:30', '05:30', '19:00', '14:00', '09:00']",Guitar,Beginner,3
S781,Richard Salinas,"['14:30', '07:30', '18:00', '04:00', '00:30']",Drums,Advanced,3
S782,Christopher Reeves,"['10:30', '10:00', '15:30', '06:00', '17:30']",Violin,Beginner,2
S783,Joseph Dixon,"['01:00', '15:30', '13:30', '21:30', '20:00']",Guitar,Beginner,1
S784,Christopher Thornton,"['20:00', '13:30', '19:30', '16:30', '19:00']",Drums,Intermediate,2
S785,Sara Deleon,"['08:30', '22:00', '14:00', '11:30', '07:00']",Drums,Intermediate,1
S786,Eric Vazquez,"['06:00', '18:30', '13:00', '08:00', '20:00']",Drums,Advanced,2
S787,Joshua Harper,"['10:30', '16:30', '11:30', '05:30', '18:30']",Piano,Intermediate,2
S788,Tina Jones,"['08:00', '13:00', '08:30', '18:00', '03:30']",Piano,Beginner,3
S789,Christina Morris,"['06:30', '07:00', '00:00', '15:00', '14:00']",Piano,Beginner,1
S790,Rebecca Patterson,"['16:00', '10:00', '15:00', '19:30', '23:30']",Piano,Beginner,1
S791,Amanda Torres,"['12:30', '05:00', '05:30', '00:30', '08:00']",Piano,Intermediate,3
S792,Tracey Thomas,"['01:00', '01:00', '10:00', '06:00', '20:00']",Guitar,Advanced,3
S793,Brenda Morris,"['05:30', '15:30', '08:30', '02:30', '02:00']",Guitar,Intermediate,3
S794,Audrey Johnson,"['20:00', '08:30', '08:30', '22:30', '12:30']",Violin,Advanced,3
S795,Melissa Cox,"['12:00', '07:00', '13:30', '21:00', '18:00']",Violin,Advanced,1
S796,Scott Smith,"['14:30', '11:30', '22:30', '15:30', '13:00']",Drums,Intermediate,1
S797,Michael Young,"['08:00', '06:30', '12:30', '02:00', '12:30']",Piano,Intermediate,2
S798,Judy Williams,"['01:00', '05:00', '09:30', '08:00', '02:00']",Violin,Intermediate,2
S799,Autumn Baker,"['04:30', '18:00', '18:30', '22:00', '18:30']",Drums,Advanced,3
S800,Amanda Stein,"['03:00', '15:00', '03:00', '14:30', '23:00']",Piano,Beginner,3
S801,Andrea Martinez,"['18:30', '06:30', '18:00', '02:30', '20:00']",Guitar,Intermediate,3
S802,John Ortega,"['20:00', '14:30', '23:00', '22:00', '06:00']",Violin,Intermediate,2
S803,Justin Romero,"['21:00', '22:30', '03:00', '03:30', '19:30']",Piano,Advanced,2
S804,Roberta Robinson,"['15:30', '19:30', '11:30', '15:00', '22:00']",Violin,Intermediate,2
S805,Laura Snyder,"['09:30', '05:30', '22:30', '16:30', '23:00']",Piano,Intermediate,2
S806,Mrs. Sheila Hall,"['07:30', '23:30', '20:00', '01:00', '04:00']",Drums,Beginner,2
S807,Grant Lindsey,"['06:00', '03:00', '23:30', '20:00', '01:00']",Piano,Beginner,2
S808,Christy Allen,"['04:30', '05:30', '12:00', '16:00', '10:00']",Drums,Beginner,2
S809,Robert Schaefer,"['03:30', '13:30', '02:00', '01:00', '12:00']",Piano,Advanced,3
S810,Brittany Luna,"['17:30', '19:00', '13:30', '10:00', '23:00']",Violin,Intermediate,3
S811,James Wright,"['22:00', '14:00', '09:30', '02:00', '17:30']",Drums,Intermediate,3
S812,Chad Campbell,"['22:00', '00:30', '16:30', '08:00', '20:00']",Violin,Advanced,3
S813,Amy Tran,"['14:00', '10:00', '00:00', '05:00', '07:30']",Drums,Advanced,2
S814,Jason Harrell,"['04:30', '14:30', '22:30', '20:00', '18:00']",Violin,Intermediate,1
S815,Nicholas Henderson,"['23:00', '03:00', '18:30', '01:30', '17:30']",Guitar,Intermediate,2
S816,Chelsea Mccall,"['01:00', '03:00', '15:30', '13:00', '08:00']",Violin,Intermediate,1
S817,Jean Rodriguez,"['11:00', '09:30', '18:00', '09:00', '20:00']",Piano,Intermediate,3
S818,Barbara Knox,"['15:00', '14:00', '23:00', '04:00', '09:00']",Drums,Advanced,2
S819,Lisa Freeman,"['18:30', '11:00', '00:30', '05:00', '09:00']",Violin,Intermediate,3
S820,Stacey Aguilar,"['03:00', '16:00', '18:30', '21:00', '05:00']",Drums,Intermediate,2
S821,Michael Johnson,"['11:30', '12:00', '08:30', '08:00', '16:30']",Violin,Advanced,3
S822,Cameron Snyder,"['03:30', '06:30', '16:30', '09:30', '13:30']",Piano,Advanced,1
S823,Cassandra Werner,"['14:30', '19:30', '16:30', '08:30', '10:00']",Drums,Beginner,1
S824,Michael Holland,"['08:30', '03:30', '15:30', '14:30', '03:00']",Piano,Beginner,1
S825,Steven Case,"['18:30', '17:00', '13:00', '17:30', '17:30']",Drums,Intermediate,2
S826,Christina Thomas,"['14:00', '10:30', '22:00', '09:30', '08:00']",Violin,Beginner,1
S827,Jennifer Alvarez,"['16:00', '14:00', '15:30', '12:30', '08:30']",Guitar,Intermediate,2
S828,Jason Phillips,"['23:00', '17:30', '04:00', '09:00', '22:00']",Drums,Beginner,1
S829,Isaiah Day,"['19:30', '17:00', '04:00', '03:00', '20:00']",Violin,Beginner,1
S830,Susan Rojas,"['05:30', '09:30', '19:30', '13:30', '07:30']",Piano,Advanced,2
S831,David Brady,"['14:30', '16:30', '22:00', '14:30', '09:00']",Violin,Advanced,2
S832,Shawn Davis,"['07:30', '04:30', '23:30', '23:30', '06:00']",Drums,Beginner,1
S833,Susan Morgan,"['20:00', '04:00', '17:00', '06:30', '23:30']",Guitar,Intermediate,2
S834,Shannon Woods,"['13:30', '01:00', '16:30', '13:00', '19:30']",Drums,Intermediate,1
S835,Jennifer Dunn,"['01:00', '03:00', '17:00', '00:00', '07:00']",Violin,Beginner,2
S836,Charles Smith,"['11:30', '14:00', '01:00', '20:00', '17:00']",Guitar,Intermediate,3
S837,Richard Schmidt,"['06:00', '02:30', '20:30', '14:00', '02:00']",Drums,Intermediate,3
S838,Kevin Holt,"['00:30', '10:30', '23:00', '13:00', '02:00']",Violin,Beginner,3
S839,Barbara Griffin,"['03:30', '07:30', '18:30', '19:30', '10:00']",Piano,Intermediate,3
S840,Rick Jacobson,"['14:00', '03:30', '03:00', '01:00', '04:00']",Guitar,Intermediate,3
S841,Zachary Key,"['15:00', '10:00', '08:30', '06:00', '05:00']",Violin,Advanced,1
S842,Jessica Hunter,"['19:30', '23:30', '15:30', '06:00', '14:00']",Violin,Beginner,3
S843,Lisa Stephens,"['12:30', '04:30', '10:00', '08:30', '15:30']",Guitar,Advanced,3
S844,Jessica Roman,"['23:30', '18:30', '21:00', '22:00', '21:30']",Drums,Intermediate,3
S845,Susan Moss,"['06:30', '17:30', '06:30', '12:00', '21:00']",Piano,Intermediate,3
S846,Sara Dixon,"['05:30', '05:30', '12:30', '06:30', '03:30']",Violin,Intermediate,2
S847,Howard Harvey,"['21:30', '08:00', '13:00', '16:30', '05:30']",Piano,Advanced,1
S848,Timothy Hardy,"['18:00', '02:00', '15:00', '21:30', '16:30']",Violin,Beginner,3
S849,Daniel Rivera,"['23:00', '01:30', '09:00', '00:30', '03:30']",Violin,Beginner,3
S850,Maria Price,"['17:00', '09:30', '21:30', '16:00', '15:00']",Piano,Intermediate,3
S851,Wesley Thomas,"['05:30', '18:00', '07:30', '02:00', '11:30']",Violin,Beginner,1
S852,Joseph Maxwell,"['13:30', '04:30', '03:00', '21:30', '04:00']",Guitar,Intermediate,2
S853,Courtney Riggs,"['07:30', '13:30', '15:30', '04:00', '20:00']",Violin,Intermediate,1
S854,Larry Fernandez,"['20:30', '15:30', '14:00', '07:00', '08:30']",Drums,Intermediate,2
S855,Stacey Martinez,"['23:00', '22:30', '10:00', '22:00', '21:00']",Guitar,Intermediate,3
S856,Diane Barnes,"['08:30', '12:00', '16:30', '19:00', '12:00']",Drums,Beginner,3
S857,Mario Travis,"['08:30', '10:30', '04:00', '07:00', '22:00']",Guitar,Advanced,1
S858,Mary Douglas,"['11:00', '00:00', '16:30', '14:30', '08:30']",Guitar,Advanced,1
S859,Gabrielle Zamora,"['00:00', '15:30', '04:30', '12:30', '04:30']",Guitar,Beginner,2
S860,Rachel Duffy,"['19:00', '07:30', '23:30', '00:30', '07:00']",Violin,Advanced,2
S861,Tina Foster,"['05:30', '06:30', '01:30', '13:00', '03:00']",Piano,Beginner,1
S862,Rebekah Sullivan,"['07:00', '12:30', '12:00', '08:30', '09:30']",Guitar,Advanced,2
S863,Gina Snyder,"['16:00', '03:00', '03:00', '07:30', '11:30']",Drums,Advanced,1
S864,Sean Wright,"['13:30', '00:00', '08:00', '11:00', '09:30']",Drums,Advanced,2
S865,Joseph Gibson,"['08:30', '06:00', '09:30', '12:30', '23:30']",Guitar,Advanced,1
S866,Antonio Kelley,"['23:00', '06:00', '22:00', '07:30', '01:30']",Drums,Intermediate,1
S867,Ricky Bryant,"['18:30', '13:30', '04:00', '01:30', '06:30']",Guitar,Advanced,1
S868,Jose Molina,"['14:00', '02:00', '00:30', '06:00', '10:30']",Drums,Advanced,2
S869,Alicia Acosta,"['21:30', '21:00', '13:30', '10:30', '05:00']",Piano,Intermediate,2
S870,Martin Shaffer,"['19:30', '05:30', '09:00', '14:00', '00:30']",Drums,Intermediate,2
S871,Brandi Flynn,"['15:00', '12:30', '01:00', '18:00', '03:00']",Guitar,Beginner,1
S872,Lisa Long,"['00:00', '16:30', '06:00', '13:30', '01:30']",Drums,Advanced,2
S873,Daniel Robinson,"['06:30', '19:00', '19:00', '18:00', '21:00']",Guitar,Beginner,2
S874,Collin Goodwin,"['19:00', '18:30', '07:30', '11:30', '23:00']",Drums,Intermediate,1
S875,Julie Hansen,"['16:00', '19:30', '23:30', '22:30', '15:00']",Piano,Advanced,3
S876,Barry Green,"['19:30', '17:30', '14:00', '01:00', '16:30']",Violin,Advanced,1
S877,Madison Bradshaw,"['07:00', '15:30', '17:30', '10:30', '10:30']",Piano,Intermediate,2
S878,Steven Rogers,"['14:30', '06:30', '23:30', '00:00', '08:30']",Guitar,Intermediate,1
S879,Christine Hernandez,"['23:30', '22:00', '06:30', '23:00', '23:00']",Drums,Advanced,3
S880,Amanda Thomas,"['19:00', '04:30', '16:00', '06:00', '06:30']",Violin,Advanced,1
S881,Joshua Underwood,"['07:30', '15:00', '13:30', '07:00', '19:00']",Violin,Advanced,2
S882,Patrick Warren,"['10:00', '04:30', '01:30', '12:30', '12:00']",Guitar,Advanced,3
S883,Michael Mitchell,"['14:00', '08:00', '05:00', '16:00', '11:30']",Drums,Advanced,2
S884,Randy Robles,"['02:00', '00:00', '17:00', '03:30', '01:00']",Piano,Advanced,3
S885,Jonathan Landry,"['23:00', '14:00', '21:30', '13:30', '10:30']",Drums,Beginner,3
S886,Elizabeth Flores,"['16:00', '11:00', '15:30', '20:00', '05:30']",Guitar,Intermediate,1
S887,Michael Ballard PhD,"['01:00', '21:30', '14:00', '20:00', '05:00']",Drums,Intermediate,1
S888,Melissa Wilson,"['17:30', '08:00', '22:00', '13:00', '02:00']",Piano,Intermediate,2
S889,David Ho,"['09:00', '03:30', '12:00', '08:00', '01:30']",Violin,Advanced,1
S890,William Foley,"['22:00', '23:00', '13:00', '22:30', '06:00']",Drums,Intermediate,1
S891,Joshua Bullock,"['04:00', '03:00', '01:00', '23:00', '03:30']",Guitar,Beginner,3
S892,Victoria Peterson,"['23:30', '19:30', '15:30', '04:30', '21:30']",Drums,Intermediate,1
S893,Sharon Shepherd,"['03:00', '14:30', '08:30', '07:00', '18:00']",Piano,Intermediate,3
S894,Mary Diaz,"['20:30', '10:30', '13:00', '02:30', '19:00']",Drums,Advanced,3
S895,Jennifer Adams,"['19:30', '23:30', '10:00', '07:00', '00:30']",Piano,Intermediate,3
S896,Bradley Gonzalez,"['06:00', '09:30', '17:30', '06:30', '13:00']",Drums,Advanced,2
S897,Alexander Scott,"['19:00', '14:30', '08:30', '14:00', '08:30']",Guitar,Beginner,2
S898,Courtney Nelson,"['20:30', '12:30', '06:30', '05:00', '23:30']",Drums,Beginner,2
S899,Jennifer Casey,"['09:00', '17:00', '00:30', '19:30', '16:00']",Piano,Intermediate,3
S900,Shelia Henderson,"['07:30', '12:00', '10:00', '04:00', '15:30']",Drums,Intermediate,2
S901,Daniel Barnett,"['15:00', '06:00', '07:00', '08:30', '20:00']",Piano,Beginner,2
S902,Kristen Marshall,"['04:00', '05:00', '03:30', '22:30', '01:30']",Piano,Advanced,1
S903,Jacqueline Pham,"['17:30', '07:30', '11:00', '06:00', '05:30']",Piano,Advanced,2
S904,Amy Ibarra,"['04:30', '00:00', '07:30', '18:30', '16:30']",Violin,Beginner,2
S905,Donna Ayala,"['20:00', '11:30', '01:00', '22:30', '20:30']",Violin,Intermediate,3
S906,Michael Gould,"['22:30', '07:30', '09:00', '06:30', '07:00']",Piano,Beginner,3
S907,Bryan Mcdaniel,"['12:30', '23:30', '07:30', '02:30', '09:00']",Piano,Advanced,3
S908,Cody Thomas,"['16:00', '11:00', '06:00', '13:00', '04:30']",Piano,Intermediate,3
S909,Amanda Roach,"['12:30', '15:00', '00:30', '20:00', '11:30']",Piano,Beginner,3
S910,Jennifer Stewart,"['08:30', '06:00', '09:30', '21:30', '20:30']",Drums,Intermediate,3
S911,Joshua Johnson,"['14:00', '15:30', '18:30', '01:30', '01:30']",Drums,Intermediate,2
S912,Michelle Cardenas,"['11:00', '22:00', '06:00', '06:30', '05:30']",Piano,Advanced,3
S913,Raymond Rodriguez,"['13:30', '02:00', '12:00', '04:00', '10:00']",Piano,Advanced,3
S914,Chelsea Martinez,"['19:00', '08:30', '07:30', '01:00', '00:00']",Violin,Advanced,1
S915,Steven Nash,"['02:00', '15:30', '14:00', '22:00', '08:30']",Piano,Intermediate,2
S916,Thomas Swanson,"['17:00', '03:00', '06:00', '07:30', '18:30']",Piano,Advanced,2
S917,Lori Welch,"['02:30', '14:00', '13:30', '14:00', '18:30']",Drums,Advanced,2
S918,David Cooper,"['07:30', '14:00', '21:30', '09:00', '03:00']",Guitar,Advanced,3
S919,April Castillo,"['00:30', '18:30', '02:30', '01:30', '03:30']",Piano,Intermediate,3
S920,Eddie Gomez,"['00:30', '15:00', '04:00', '12:00', '21:30']",Violin,Advanced,3
S921,Lori Chavez,"['10:00', '05:00', '01:30', '16:00', '21:00']",Violin,Beginner,1
S922,Matthew Thompson,"['16:30', '07:30', '20:30', '00:00', '15:00']",Piano,Beginner,3
S923,Victor Collins,"['20:30', '22:00', '18:00', '13:00', '17:00']",Guitar,Intermediate,1
S924,Elizabeth Walker,"['07:30', '06:00', '09:00', '06:00', '11:30']",Piano,Beginner,2
S925,Kenneth Fisher,"['03:30', '20:00', '01:30', '04:00', '20:30']",Piano,Intermediate,3
S926,Charles Carrillo,"['09:00', '22:30', '06:30', '11:00', '00:30']",Guitar,Intermediate,1
S927,Mr. James Rogers,"['09:30', '06:30', '19:00', '16:30', '18:30']",Drums,Intermediate,1
S928,Charles Hansen,"['08:00', '20:00', '01:30', '03:00', '08:00']",Violin,Beginner,3
S929,Cassidy Adams,"['04:30', '11:30', '10:30', '06:30', '00:30']",Violin,Advanced,2
S930,Jasmin Conrad,"['02:30', '18:30', '16:00', '07:30', '23:00']",Violin,Intermediate,2
S931,Jennifer Dean,"['05:00', '18:00', '21:00', '20:00', '02:00']",Violin,Beginner,2
S932,James Williams,"['22:30', '08:00', '06:00', '09:30', '11:30']",Drums,Beginner,1
S933,Madison Nolan,"['16:30', '23:00', '12:00', '07:30', '02:00']",Guitar,Intermediate,1
S934,Steven Hale,"['00:00', '10:30', '14:00', '01:00', '02:30']",Guitar,Intermediate,1
S935,Jesse Hubbard,"['00:00', '21:00', '13:30', '22:30', '13:00']",Piano,Intermediate,1
S936,Timothy Mccoy,"['04:00', '18:00', '15:00', '02:30', '14:30']",Drums,Intermediate,2
S937,Cynthia Fowler,"['09:30', '12:30', '01:00', '22:00', '09:00']",Violin,Advanced,3
S938,Michael Newman,"['05:00', '14:00', '08:30', '13:30', '15:00']",Guitar,Intermediate,1
S939,Jennifer Foster,"['18:30', '04:30', '07:30', '16:00', '22:30']",Drums,Advanced,1
S940,Loretta Wilson,"['22:00', '23:00', '02:00', '23:00', '18:00']",Drums,Advanced,2
S941,Mathew Hughes,"['00:00', '15:30', '16:30', '15:00', '18:30']",Guitar,Advanced,3
S942,Brittany Powell,"['19:00', '04:00', '01:30', '14:00', '01:00']",Guitar,Advanced,3
S943,Frederick Bonilla III,"['08:00', '03:00', '22:00', '00:30', '01:30']",Piano,Advanced,2
S944,Karina Scott,"['14:30', '11:30', '21:30', '21:00', '14:30']",Piano,Intermediate,2
S945,Kevin Gray,"['11:30', '05:00', '23:30', '02:30', '22:00']",Drums,Intermediate,3
S946,Jonathan Collier,"['01:30', '17:00', '06:00', '08:30', '17:30']",Violin,Intermediate,1
S947,Tammy Bennett,"['10:00', '09:00', '03:30', '09:00', '12:30']",Guitar,Advanced,3
S948,Deborah Foley,"['21:30', '15:30', '02:00', '11:30', '05:00']",Piano,Advanced,2
S949,Thomas Collins,"['04:00', '11:00', '15:00', '10:00', '10:30']",Piano,Beginner,1
S950,Michelle Martinez,"['19:00', '14:30', '03:00', '18:30', '08:30']",Piano,Beginner,1
S951,Benjamin Ramos,"['14:00', '08:00', '22:00', '13:30', '18:30']",Drums,Beginner,2
S952,Aaron Hernandez,"['02:30', '21:30', '04:30', '18:00', '03:00']",Violin,Intermediate,2
S953,Stephanie Cantrell,"['13:30', '16:00', '10:00', '16:00', '22:00']",Piano,Intermediate,2
S954,Charles Brooks,"['16:30', '02:00', '12:00', '03:00', '12:00']",Piano,Intermediate,3
S955,Brian Williams,"['06:00', '23:00', '02:30', '00:00', '17:00']",Violin,Beginner,3
S956,Philip Richardson,"['20:00', '10:00', '12:30', '16:30', '04:00']",Drums,Beginner,1
S957,Holly Hernandez,"['08:00', '07:30', '20:30', '16:30', '21:00']",Guitar,Beginner,2
S958,Julie Day,"['16:00', '21:30', '04:30', '20:00', '21:30']",Guitar,Advanced,1
S959,Brian Chambers,"['03:00', '12:30', '19:30', '02:30', '18:00']",Violin,Beginner,1
S960,Carl Martinez,"['09:00', '17:30', '20:30', '23:30', '22:30']",Guitar,Beginner,1
S961,Austin Gomez,"['12:30', '15:30', '22:30', '07:00', '06:00']",Violin,Advanced,1
S962,Linda Drake,"['03:00', '14:00', '00:00', '14:00', '22:30']",Drums,Beginner,2
S963,Kimberly Chang,"['01:30', '11:30', '13:30', '00:00', '17:30']",Piano,Advanced,1
S964,Kristy Frey,"['07:30', '08:00', '04:30', '09:30', '12:30']",Guitar,Beginner,2
S965,Lori Edwards,"['17:30', '17:30', '03:00', '03:30', '13:00']",Violin,Intermediate,2
S966,Kristin Garcia,"['21:00', '17:00', '07:30', '15:30', '09:30']",Violin,Beginner,3
S967,Erik Lester,"['10:00', '10:00', '23:30', '02:00', '02:30']",Guitar,Intermediate,2
S968,Holly Blair,"['06:00', '13:00', '08:30', '07:00', '15:30']",Piano,Advanced,3
S969,Claire Sherman,"['22:30', '10:00', '16:00', '15:00', '03:00']",Guitar,Intermediate,2
S970,Hannah Roberts,"['07:00', '18:30', '14:00', '00:30', '09:30']",Drums,Beginner,2
S971,Cassandra Taylor,"['02:00', '07:30', '12:00', '07:00', '01:30']",Guitar,Advanced,2
S972,Cynthia Carter,"['05:00', '10:30', '23:00', '05:30', '22:00']",Piano,Advanced,3
S973,Sarah Wallace,"['17:30', '08:30', '11:30', '08:00', '03:00']",Guitar,Intermediate,3
S974,Latoya Nelson,"['23:30', '03:30', '16:00', '09:00', '08:00']",Guitar,Beginner,1
S975,Tina Perry,"['14:30', '08:30', '03:30', '20:30', '17:00']",Violin,Beginner,3
S976,Jonathan Alexander,"['17:30', '19:00', '18:00', '07:00', '20:30']",Drums,Beginner,3
S977,Lindsay Jordan,"['06:30', '18:00', '14:30', '14:00', '07:00']",Drums,Beginner,3
S978,Angelica Johnson,"['00:30', '14:30', '03:00', '08:00', '20:00']",Violin,Beginner,3
S979,Ashley Wilson,"['23:30', '05:00', '18:00', '01:00', '17:00']",Guitar,Beginner,1
S980,Andre Smith,"['11:30', '15:00', '23:30', '17:30', '15:00']",Violin,Beginner,3
S981,Mr. Joseph Valdez,"['09:30', '16:30', '03:30', '16:00', '19:00']",Piano,Advanced,2
S982,Juan Collins,"['13:00', '14:00', '13:30', '16:30', '14:00']",Violin,Beginner,2
S983,Angela Griffin,"['00:30', '10:00', '12:00', '17:30', '06:00']",Guitar,Advanced,3
S984,Angela Cruz,"['04:30', '18:00', '19:30', '06:00', '21:30']",Violin,Beginner,3
S985,Tiffany Watson,"['18:00', '06:00', '12:30', '19:30', '22:00']",Piano,Intermediate,2
S986,Adam Le,"['12:30', '08:30', '04:30', '09:00', '15:00']",Violin,Advanced,2
S987,Krystal Osborn,"['00:30', '02:30', '06:00', '10:30', '16:30']",Drums,Intermediate,1
S988,Ana Mcdowell,"['12:30', '20:30', '01:00', '03:00', '23:30']",Drums,Beginner,2
S989,Bradley Martinez,"['10:30', '04:30', '19:30', '14:00', '02:30']",Guitar,Advanced,2
S990,Dale Hall,"['00:30', '16:30', '09:30', '21:30', '17:30']",Drums,Intermediate,3
S991,Daniel Garcia,"['01:30', '06:30', '09:30', '23:00', '02:00']",Violin,Beginner,2
S992,Pamela Garcia,"['16:00', '20:00', '02:30', '04:30', '10:30']",Violin,Advanced,1
S993,Diane Mercado,"['11:00', '14:30', '21:00', '02:00', '00:30']",Guitar,Beginner,2
S994,Charles Shepard,"['10:30', '17:00', '07:30', '22:30', '08:00']",Drums,Intermediate,3
S995,Steven Robinson,"['00:30', '14:00', '12:30', '20:30', '15:00']",Guitar,Advanced,3
S996,Meagan Floyd,"['03:00', '20:30', '22:00', '17:30', '14:30']",Drums,Intermediate,2
S997,Dustin Anderson,"['03:30', '15:00', '14:00', '22:30', '04:00']",Violin,Advanced,3
S998,Justin Poole,"['11:00', '05:30', '12:00', '15:00', '22:00']",Piano,Intermediate,1
S999,Sandra Santiago,"['07:30', '06:00', '01:00', '19:30', '18:30']",Guitar,Advanced,1
S1000,Anna Santiago,"['14:30', '23:00', '15:30', '23:00', '02:30']",Piano,Intermediate,2
